SOURCE_KEY,AMBIENT_TEMPERATURE,MODULE_TEMPERATURE,IRRADIATION,hour,month,DC_POWER,DATE_TIME
C,24.760232440570938,30.424670884128687,382.79876443638784,6,1,0.0,2023-01-18 14:14:00
A,19.688972903226805,30.02864762870444,821.8309465853592,19,10,0.0,2023-09-08 19:51:00
A,30.732261500767677,37.15363273870226,659.5107686407702,14,6,1086.7734812774,2023-05-04 21:38:00
B,41.932717096584184,47.04978320389323,796.2414505413685,10,5,1257.4925202872867,2023-09-30 15:12:00
A,17.37317661519833,26.593519216474718,271.9460394184488,7,11,139.8723520510536,2023-06-29 13:27:00
B,31.803830424721898,39.75423750126346,692.3589224610581,20,4,0.0,2023-04-26 20:45:00
D,32.104607703238216,41.964612641214245,264.0619846937188,6,11,0.0,2023-02-23 08:34:00
A,35.65895578453483,46.43095465188034,939.0684794502916,18,3,2.1028849676123732e-13,2023-06-06 18:52:00
C,14.604868979454093,20.042259702543568,636.3742815333744,22,1,0.0,2023-03-11 05:09:00
A,35.0538737638731,41.283906715110554,324.5118001753421,10,6,525.4600834829954,2023-01-16 14:56:00
B,41.816138223297436,52.40256218780169,269.51186229227267,10,2,415.6412715661164,2023-04-15 18:32:00
A,16.28890881045847,24.720582342185054,190.9265850716435,23,8,0.0,2023-09-11 07:01:00
D,18.31401637233572,30.6057512478302,694.6409588937278,20,10,0.0,2023-11-20 13:37:00
C,43.998828291457386,55.52174477737678,218.7156129979273,3,5,0.0,2023-09-10 18:27:00
B,16.33419334483214,29.790236974731208,595.3032659274891,7,7,302.24716803992595,2023-11-08 07:28:00
C,39.90347826793527,51.828406534627526,264.63502692535735,23,10,0.0,2023-01-14 19:17:00
C,27.22972497568122,36.529035749582704,661.9689447938686,2,12,0.0,2023-03-11 16:17:00
B,18.653087604111196,30.38275382805552,814.9397285405392,21,2,0.0,2023-08-19 23:20:00
C,40.4762465445379,48.230058287092085,778.0252431446531,20,8,0.0,2023-11-20 21:26:00
C,25.585683925093292,33.64881891287542,760.8513309307817,1,2,0.0,2023-04-24 22:02:00
A,28.018607387539156,40.90845898674709,187.72240569225207,23,4,0.0,2023-01-03 22:51:00
C,22.5731679289918,32.03736309300762,88.3849469845187,11,1,165.94018244474424,2023-01-13 02:20:00
C,30.75327980022246,43.73708320540599,698.9488284873856,5,5,0.0,2023-07-14 02:40:00
C,15.723335540475796,28.947559277158582,368.3472137943513,1,9,0.0,2023-04-08 16:25:00
C,23.687853782811626,37.26347715942446,432.3462264033473,20,1,0.0,2023-04-04 23:48:00
B,43.92943128173506,58.09578364014713,31.149092793391063,0,9,0.0,2023-03-11 23:09:00
D,19.034670144539465,28.344522349672427,259.5764492750492,11,11,494.7545730829197,2023-03-12 23:07:00
A,32.985783258945226,41.17445144215662,33.67640387446402,21,8,0.0,2023-09-12 04:54:00
C,21.38165224786432,32.20363971380546,879.1857726012477,11,6,1649.5162132943813,2023-06-11 12:24:00
C,37.071559399031024,45.7832836334073,243.39668321853048,16,7,223.16235400748522,2023-08-16 06:25:00
B,14.580578125142244,25.591319793144574,557.337169573008,9,3,786.329485683472,2023-01-13 06:55:00
D,43.943736577749064,55.99959520418731,38.979320661130416,15,1,48.289662781221544,2023-03-03 18:09:00
C,25.882633948427372,37.76668413334874,666.8473913056581,14,5,1096.0307893405252,2023-02-13 12:14:00
B,18.261766217126237,27.00729508732745,323.02734575409386,14,12,555.007450480692,2023-05-30 04:02:00
A,12.572386156550444,19.24098817353797,897.9191869576658,18,12,2.249930151554646e-13,2023-09-17 02:46:00
A,15.941526678063926,25.246820062686,888.1181889340359,11,2,1714.0187018198944,2023-04-14 11:53:00
C,28.192088199460617,34.6180296402797,325.29061836174776,22,5,0.0,2023-02-21 21:16:00
C,21.79511117509502,35.6960815269331,900.9608956904679,19,8,0.0,2023-03-22 20:05:00
D,39.01091780589133,47.469692413269904,996.1576734987788,2,11,0.0,2023-04-08 12:28:00
D,25.081063328163207,31.625660800396446,825.4156641239481,4,9,0.0,2023-01-06 22:59:00
C,18.704999540567048,23.959477139624557,844.871347755229,18,2,2.0779507573499513e-13,2023-04-03 01:54:00
B,31.60007453114105,43.058298394005895,249.0087361090899,6,12,0.0,2023-02-24 22:13:00
D,34.737202590990606,46.10622576553804,576.7023988577563,20,3,0.0,2023-06-22 03:42:00
C,15.846466776533244,24.252508442346162,67.25591396736786,8,3,67.45700687893947,2023-11-13 05:36:00
D,15.866672570091119,21.583791458567628,94.91793682166971,6,1,0.0,2023-02-27 01:23:00
C,11.283499942674004,20.379788891626326,998.8926120332906,17,8,526.6206593266859,2023-12-30 03:00:00
A,35.77407052729742,43.886245477931354,326.6392494259109,3,6,0.0,2023-01-23 15:09:00
C,33.23315846676318,45.00436486411327,748.1839120488464,13,12,1329.724665215148,2023-06-23 20:40:00
A,26.612080651243485,37.66987314577039,806.6650530268165,17,8,396.398800307955,2023-10-11 10:38:00
D,39.5459657139219,48.1919029958973,858.0232710072291,8,11,778.4265011295405,2023-05-20 04:28:00
C,38.19845535325186,45.377380895801764,997.6282974021565,20,9,0.0,2023-12-14 21:20:00
D,30.487402753886325,45.36776241544224,241.49648525686786,1,5,0.0,2023-12-30 04:09:00
A,40.38949481796405,49.929511029925195,40.35082685969971,19,12,0.0,2023-03-01 05:34:00
C,17.20444235128689,29.08718470908926,411.191517994586,14,3,700.5609537913334,2023-08-31 12:30:00
D,13.917186678920476,20.322716354704085,130.08066982894695,6,5,0.0,2023-08-29 01:36:00
A,19.441236403094635,29.29713339968861,22.425889162055125,11,5,42.57882375692402,2023-09-12 01:48:00
D,11.99803996312602,17.273407161820675,360.4268271414861,7,5,192.33687639044737,2023-07-29 13:05:00
B,28.59093348003612,38.64548465914062,783.7382510752365,14,3,1283.3808824371727,2023-01-19 19:00:00
A,42.78119923032365,57.42137330150067,566.1806912250709,2,11,0.0,2023-04-28 09:42:00
A,11.377023923397838,20.219091053255838,312.77798921035406,13,10,615.7959539490845,2023-08-23 04:16:00
A,14.273846990350938,19.663807116100052,654.3420054927197,16,4,668.308786106108,2023-01-21 00:22:00
C,25.826965989920236,31.13652389911367,232.0181803088107,3,9,0.0,2023-06-18 23:48:00
C,42.685625613476674,51.56549321294537,14.381446072085025,17,10,6.653329318972597,2023-03-27 16:46:00
C,21.06546367418627,27.66571303881821,764.3533864364274,7,9,391.4395798835221,2023-02-27 00:47:00
B,27.753218304093735,32.9867392673756,623.7430848640091,3,2,0.0,2023-03-06 04:11:00
B,11.455050066763723,24.017186206265492,762.30262450096,1,8,0.0,2023-03-29 19:37:00
A,15.19201203367311,24.77724212249202,38.93801668766561,5,8,0.0,2023-09-20 13:10:00
B,44.53205430355964,52.42450202328619,837.1196278306522,21,7,0.0,2023-03-02 03:15:00
D,43.77915437526159,57.7799862054264,619.5262000363033,9,8,761.2626171802058,2023-12-06 11:44:00
A,10.172899332704336,16.33428893470959,563.3953507126402,3,3,0.0,2023-11-24 06:49:00
A,43.313412489813366,57.87260077936656,624.6140481145316,21,6,0.0,2023-11-15 18:20:00
D,32.369197823542514,40.50886499731604,864.4332468683641,17,1,419.704966313959,2023-07-22 03:31:00
A,40.37714030820077,54.26117703128759,586.936506558907,11,7,1001.1602783238865,2023-06-11 05:26:00
B,25.91589494718507,36.94532371197968,580.9503798881793,1,1,0.0,2023-08-03 00:17:00
C,28.04586100027376,41.31293459768864,990.6791570657658,9,9,1309.6121328745,2023-01-16 14:33:00
D,27.109630308992205,41.94976194109685,756.730167068568,3,1,0.0,2023-11-06 22:52:00
B,33.34024901411365,41.22430339230111,442.29380545113526,13,1,798.9948532083675,2023-04-12 13:19:00
D,14.887793916470951,29.49914877054688,707.3970000329277,15,7,982.4064499781899,2023-01-17 19:02:00
D,11.049075645543729,19.943894594567933,389.23047169178847,14,2,687.8015895215292,2023-09-19 12:58:00
A,20.77754795569168,29.632667003060902,228.875462483499,7,5,116.27924275256065,2023-05-22 00:59:00
A,34.66382669578263,43.06769773832769,596.8518768877594,13,8,1069.6989463116602,2023-02-03 14:42:00
B,17.064870824303192,27.478946897779046,928.1820981139515,22,8,0.0,2023-06-11 22:52:00
D,33.570135166372104,40.11158559815698,929.1395200154627,7,3,451.8858543268903,2023-10-04 20:45:00
A,43.94692161375446,54.484036467334576,341.9052781054903,20,7,0.0,2023-07-19 13:53:00
A,13.286525052629644,23.703573176729684,527.677466221695,15,3,750.1184562487497,2023-06-14 08:04:00
D,33.54107413787942,46.16009226392812,211.6358985698612,12,6,387.44591601894166,2023-01-30 14:14:00
B,25.53125767565999,38.867757295035844,995.6311094988835,17,6,486.7881164250926,2023-02-10 04:17:00
B,40.38497890321269,49.78939240633693,981.1179078679357,14,3,1530.843038920552,2023-01-13 08:42:00
D,16.200242630658508,24.223575124173443,649.5089297074474,20,7,0.0,2023-09-22 22:36:00
B,34.24190832791576,41.835257301086706,804.4140596774733,23,3,0.0,2023-05-07 04:17:00
A,39.334035137683856,46.28027350473258,715.1001612837,12,8,1308.4601064442359,2023-10-28 18:23:00
D,43.061497681590815,48.637973503581065,593.1582190394682,8,10,537.073985979123,2023-03-29 22:08:00
A,33.91368099013761,42.33816077848474,53.34799698889769,14,4,85.99315708741216,2023-05-27 06:33:00
C,27.401116740294956,35.10359366160279,454.76434255266105,12,1,872.7706520738179,2023-03-10 16:55:00
C,31.624653407042484,46.28882726570656,674.7863021674106,0,4,0.0,2023-09-01 22:01:00
B,40.41167445675514,50.988762719255575,677.5316138836847,6,7,0.0,2023-06-13 20:41:00
C,29.97134113235904,38.444111522664116,373.1226184223836,8,11,353.05741004758767,2023-04-10 14:21:00
A,11.06354708938929,21.86822309932625,941.6919866580306,23,4,0.0,2023-01-08 21:48:00
C,42.583204342744224,48.97517135620118,167.357032236781,0,6,0.0,2023-12-24 22:46:00
A,34.13343628610464,43.57387377812667,500.35944621556064,11,9,894.8046949970081,2023-11-11 00:08:00
B,33.677968502203626,44.940311716414264,690.8839765508228,7,1,329.10301797405265,2023-12-04 07:15:00
B,17.5486303339201,27.437608651844613,697.1358058918092,23,5,0.0,2023-05-07 00:01:00
A,33.060991458143,42.07877946468624,648.6389567688155,10,11,1046.7252588928723,2023-06-08 06:40:00
C,23.785254197895547,38.72373808689253,275.28821345186014,18,7,6.372480972588686e-14,2023-01-10 21:18:00
B,32.79315419645222,46.596301817941495,156.20656868662198,16,1,142.71263187341677,2023-06-17 12:30:00
D,13.730756060779676,24.964815642374077,635.9403268267108,7,4,329.2332651865136,2023-12-13 10:54:00
B,33.02458566110626,43.718359272929085,599.3021161394378,2,6,0.0,2023-12-11 07:58:00
C,44.979480401973326,56.18608520021917,179.35601028924097,2,2,0.0,2023-10-29 22:06:00
D,11.687421360119462,18.700542438343795,705.1391455705633,0,10,0.0,2023-10-03 07:53:00
C,44.2010964477461,53.15247388038929,455.1719917336564,4,5,0.0,2023-06-15 17:30:00
A,24.241778625300473,29.636373954209468,667.7605916031529,9,11,926.8425332383104,2023-12-05 18:31:00
D,40.47637076180407,50.23183113667234,837.3670797701507,6,10,0.0,2023-09-30 10:16:00
C,37.38349194203957,47.8137377816162,169.72842857692316,8,1,154.23986912236435,2023-07-24 14:42:00
D,29.845569134533374,37.12306649556547,19.14486799683668,6,6,0.0,2023-06-22 11:36:00
C,35.84572232379643,50.48601079545157,779.1025863957868,8,6,699.6777186851976,2023-08-13 04:26:00
D,40.748044645547175,54.8425907549196,609.6974251526159,7,4,277.92901254267946,2023-08-29 10:04:00
C,24.144911257786156,36.36634361234522,699.6395696221217,11,8,1290.1488650982276,2023-08-01 00:48:00
A,21.446160654713353,31.78002694236698,838.1549749886426,1,4,0.0,2023-02-09 01:06:00
D,33.365768494725465,47.06546009120231,802.8109348245005,0,8,0.0,2023-09-24 18:20:00
D,38.27460796794405,44.58113140617868,960.9201469288247,15,8,1252.5074795227301,2023-04-12 15:54:00
D,36.67997971718155,49.585077659930406,535.9350788521182,22,5,0.0,2023-11-22 16:37:00
D,37.923477710052204,44.17168584972069,488.49563265990537,22,4,0.0,2023-01-24 01:25:00
A,25.245416018452655,38.18752264394671,401.8871998907301,23,12,0.0,2023-05-12 19:47:00
D,38.62419756612576,46.38187324863933,153.69104284420453,4,2,0.0,2023-07-05 23:58:00
B,14.207316937971296,27.978222748153186,572.6072328820225,2,11,0.0,2023-12-29 06:49:00
A,29.057118428629735,43.497539366883714,277.0125243259788,11,3,495.5514844918226,2023-03-31 11:52:00
B,10.201553117434255,16.68951281148541,921.3075122129754,7,3,492.75707482522955,2023-02-21 23:23:00
D,21.36050404650946,30.987260097163396,583.1908042770975,21,4,0.0,2023-02-06 09:43:00
C,22.826153720498926,37.63602750212578,592.8401805081102,2,4,0.0,2023-08-21 07:49:00
B,23.866044206323938,33.70011856605541,354.92466087701,0,10,0.0,2023-01-27 03:06:00
D,34.34135223414518,47.97682745929063,51.989351977707486,2,11,0.0,2023-01-24 00:11:00
B,23.5995335444621,34.4868487657753,31.74376537298862,4,11,0.0,2023-07-25 17:45:00
D,25.704276791788573,34.45757587098459,423.3351441531975,14,5,705.4993630576873,2023-06-05 14:14:00
D,18.31404458060146,26.171880135860164,84.56537809723785,13,4,162.60197567146398,2023-01-11 09:15:00
D,23.0638127070269,30.096043617887773,606.8469555401391,2,11,0.0,2023-01-29 23:17:00
C,17.9544369542103,30.572418867987274,880.9730056396575,0,10,0.0,2023-04-27 21:22:00
B,12.561857331895528,21.427262400125805,882.9148165187222,4,8,0.0,2023-05-30 19:46:00
A,31.120700768348225,41.233455390355736,659.0454101322324,22,6,0.0,2023-02-05 03:45:00
A,33.38744794942557,43.31070274943739,211.23183147293102,13,6,378.1804740955364,2023-04-29 04:39:00
A,31.682162110336506,42.454952402667814,862.9968313588721,6,8,0.0,2023-09-30 12:09:00
A,26.222291533020034,39.87806298926556,886.0934353132081,8,7,833.3600195333496,2023-09-18 14:42:00
D,23.292502306273043,38.099895742107336,196.6535849529587,14,10,322.76596904291443,2023-03-21 16:40:00
B,40.21667773501388,49.29251982075205,737.4260857706772,14,11,1153.1480456144304,2023-01-06 13:36:00
B,28.16786247976763,41.443051700830665,286.51954892712297,9,12,378.5489448322461,2023-07-14 11:53:00
C,26.771365717040585,39.41664366358776,802.6403123529296,12,10,1512.7095897200757,2023-09-12 20:57:00
B,10.89747230322525,21.63276181778098,997.2378999036026,18,8,2.4754267038260033e-13,2023-10-09 10:13:00
B,21.943673966915473,36.504145403034805,30.026005329392813,6,2,0.0,2023-12-13 00:09:00
B,23.306846657504998,30.311591812789025,897.3658657909319,16,9,878.300101047686,2023-09-08 04:49:00
C,23.958797331391516,30.05143943448773,622.6305335986581,19,1,0.0,2023-12-05 11:47:00
A,30.30603292295663,43.84565259251085,973.3826191648211,3,8,0.0,2023-04-18 01:59:00
B,28.676089135440748,38.06758730177823,465.0095175264276,4,12,0.0,2023-10-19 13:03:00
C,31.276678247770562,44.74636678984117,847.3879305713738,22,11,0.0,2023-03-27 01:36:00
C,36.77091415397449,50.70181620592864,62.39406859827723,6,12,0.0,2023-07-12 08:44:00
D,38.45450085506327,44.07907679125399,335.2790500782957,12,12,619.3835822130515,2023-06-05 18:15:00
C,35.1343076679273,48.96895529778791,67.01653775120997,14,4,104.94716187795561,2023-12-18 06:14:00
A,43.443329358422716,52.92651991211694,975.3431334790705,10,4,1500.6338819970524,2023-02-06 08:56:00
B,10.638140393672657,20.742465283714978,816.9739072718368,3,5,0.0,2023-06-17 23:48:00
C,16.852229498924114,28.118154609856216,852.5474212459704,12,8,1683.8278451185076,2023-08-09 00:08:00
A,10.264700624234974,24.52852669153584,937.9652314338942,6,5,0.0,2023-10-08 07:11:00
C,32.66161499541111,37.85277593970875,85.10348611978536,18,8,1.9772711725971297e-14,2023-04-14 01:50:00
C,41.43106921324954,51.199503896427714,385.5975925133334,21,10,0.0,2023-06-25 07:59:00
C,18.521880380170476,30.399100804476085,71.03488904400213,1,1,0.0,2023-10-27 11:42:00
C,42.44620906787073,54.67327864485301,210.7931015500286,9,12,262.7232784890957,2023-01-18 15:45:00
C,12.10935866013463,24.03468297550571,229.36577703767236,12,10,460.50283959063137,2023-07-07 10:46:00
A,42.705260938193,49.04961223227422,469.1072110475787,20,9,0.0,2023-04-23 23:46:00
B,22.306794053387204,30.300749937104015,268.5621674536426,5,6,0.0,2023-09-18 20:44:00
B,13.549728995722578,22.136884249892713,100.97810681776109,11,3,197.3088085721984,2023-04-15 04:23:00
B,27.005511571521396,40.049883648316445,167.4910890941077,11,8,304.08929802629535,2023-04-06 07:24:00
B,18.987179870217776,26.774778594363305,147.27556355209092,19,9,0.0,2023-06-03 23:19:00
A,19.9705515686673,27.07760120733933,973.0767979122983,10,6,1671.4119439938281,2023-02-13 04:10:00
D,20.75514877242003,35.32962896280099,759.2925069184736,22,11,0.0,2023-03-13 05:35:00
D,38.10590642414322,43.19453927527791,967.761465269562,6,7,0.0,2023-01-07 08:40:00
A,28.870644683633905,43.848853240453685,439.74048650790854,0,1,0.0,2023-12-06 02:11:00
A,20.895769470460127,32.66398245903409,278.3684816626566,0,5,0.0,2023-01-21 19:36:00
C,31.361682415882143,44.64637541037331,798.2931972091867,19,5,0.0,2023-08-27 17:47:00
C,35.065273597811775,43.011467561273705,326.2539180411468,12,10,605.4973411900011,2023-04-20 07:18:00
C,19.541840025673682,24.684992802344283,299.3833737053483,8,4,299.7606053756508,2023-12-04 13:20:00
B,24.474218553387303,36.8529137390026,232.50599220783118,2,6,0.0,2023-04-01 21:44:00
C,14.266013266793165,27.607459236799922,129.67897822423535,6,7,0.0,2023-05-30 18:09:00
D,16.34022723371381,28.744988553249,256.46306101676595,5,9,0.0,2023-12-26 21:34:00
B,33.8391248887744,40.267627761782784,355.31974847388767,7,1,172.6945179275123,2023-08-11 05:23:00
C,16.350342169346945,28.884621391916635,673.9942081457305,8,6,663.521358869767,2023-02-05 22:35:00
B,28.380718428347105,41.069946249423516,62.56484221945158,4,7,0.0,2023-09-28 09:43:00
D,34.81661916028514,46.40202431698569,210.50693966534294,0,3,0.0,2023-03-01 02:31:00
C,13.740692308316035,26.401851636271896,809.0236402916764,18,8,1.9704251427276238e-13,2023-03-30 10:30:00
D,29.855927687011626,43.31514208378895,146.92192358377076,9,5,192.5569710032357,2023-05-20 05:47:00
D,18.97969742954773,30.115738571922314,342.64514652252154,11,9,648.3943529336971,2023-03-10 20:47:00
D,43.70244063331529,49.58848777301208,864.65892185814,23,5,0.0,2023-01-01 13:03:00
C,26.924097635197366,36.80037573186948,154.92531114344266,14,9,255.67252930037682,2023-09-07 17:22:00
A,38.20973924213053,43.98623258884658,82.7368356181899,21,10,0.0,2023-11-17 22:10:00
C,29.257928975469163,38.33335928579347,484.53799508001083,23,4,0.0,2023-01-03 02:43:00
D,11.519438649918671,20.590503541174947,302.4195112785364,8,9,307.75358233478556,2023-02-08 05:41:00
C,32.16029814579078,37.8203965871932,563.4083644838541,19,5,0.0,2023-04-02 11:34:00
D,43.299116977233,51.78732231692779,803.8048904834751,16,10,717.6777677582603,2023-02-03 17:33:00
A,31.056413705121592,37.16639469303474,137.14848815274317,16,9,130.47407759906605,2023-08-17 14:37:00
B,38.67161007993766,51.75396218002988,580.699084554285,19,3,0.0,2023-09-15 06:32:00
A,40.94722621719427,55.42410647683898,505.50876038986394,11,4,857.7231069098696,2023-03-27 17:47:00
A,17.982792018212635,23.70595677079202,144.07878601319956,6,9,0.0,2023-06-19 07:35:00
B,17.421569396787934,31.97272146970495,623.9984855289824,1,10,0.0,2023-12-13 17:18:00
C,31.38433460978471,41.61010060315216,273.64041786077166,2,11,0.0,2023-03-09 21:21:00
B,24.385996443234664,32.3816532227734,487.8343185440125,16,6,473.43022346537293,2023-09-26 02:41:00
C,39.39514560033521,45.16376635309685,82.27232427706188,4,2,0.0,2023-09-11 15:40:00
C,41.50080931893039,51.50705199963457,459.58405721362305,16,7,410.8551832025649,2023-02-13 00:23:00
D,22.369748275595136,35.31490372050262,306.4634680428203,23,2,0.0,2023-05-06 15:17:00
D,18.29046956410687,30.36133433677385,822.3812111853543,16,11,804.7449686835714,2023-12-05 10:21:00
B,37.318393033535166,42.820653148174905,56.97872699736828,16,2,52.91713447478968,2023-01-03 16:07:00
A,19.618211244184764,25.347229597863798,418.60727491832995,1,11,0.0,2023-04-03 06:02:00
B,38.79150114797874,47.82023397430511,458.431424131438,1,1,0.0,2023-06-10 12:16:00
C,24.8308388777067,32.78374381818613,725.0060762991187,21,11,0.0,2023-07-04 17:21:00
D,33.36424647520147,40.688089705761946,574.287575090211,22,11,0.0,2023-09-13 04:08:00
B,13.343735984213387,21.153780973300524,667.212337194181,4,12,0.0,2023-08-17 23:15:00
B,31.835076363680056,44.8699037966489,777.0492856517561,0,11,0.0,2023-05-02 09:45:00
D,25.81186875580302,40.10414929212156,862.2029736581887,0,3,0.0,2023-07-17 04:07:00
D,30.531296211141594,39.58232315641726,313.87549672247053,18,6,7.239312452261319e-14,2023-07-10 19:16:00
D,15.880497271070219,29.94160729239519,538.0227053639029,1,8,0.0,2023-08-05 17:17:00
C,35.790581073046376,44.005538085525195,840.1080784391999,20,9,0.0,2023-11-20 08:00:00
D,40.197897714012996,49.962267577450916,989.4511309650564,11,7,1720.6140202480358,2023-05-30 00:13:00
A,17.585893003177148,24.846182981337144,889.5193110437631,5,4,0.0,2023-05-02 03:20:00
B,13.35000944320566,24.7547698649641,371.4672626243768,22,6,0.0,2023-04-30 09:52:00
D,10.827350511621773,25.617161663369863,195.16651721865043,3,5,0.0,2023-12-27 04:19:00
D,32.46900251551431,43.5039334759481,489.3925374065887,22,8,0.0,2023-09-14 13:15:00
C,31.248291263107326,39.82643210424281,741.6414518360423,10,1,1208.378869018152,2023-07-18 20:24:00
C,29.13440944499245,40.61258390489773,492.5690707532976,23,1,0.0,2023-03-01 12:51:00
B,18.118148364059138,24.347355148713014,483.1808633136685,16,11,484.44224532439665,2023-02-16 07:54:00
A,23.681709856693015,37.568300659347,838.2304210818006,5,6,0.0,2023-12-22 10:32:00
B,30.806671731516058,40.83751123931442,361.40377906718635,23,10,0.0,2023-08-14 02:13:00
D,27.386840060070927,36.88033748046735,859.7946748116456,4,12,0.0,2023-08-23 03:49:00
A,44.572493207521056,55.43114109205625,406.80480095172356,19,2,0.0,2023-05-05 01:33:00
A,14.77539133948566,26.023229967379685,328.2331056783394,1,5,0.0,2023-10-05 01:03:00
A,34.330059391665785,40.04781745393092,453.989911199699,5,1,0.0,2023-02-19 12:29:00
A,24.151156883650224,35.977329095884244,762.4469586748685,21,7,0.0,2023-10-15 10:21:00
B,24.986986522396517,32.40630332555181,126.00202786399429,10,1,211.776450859945,2023-06-02 01:24:00
C,35.11592179803617,47.25544812310207,196.4192158720174,15,4,253.05035951554706,2023-04-19 07:43:00
C,34.235265296352935,47.4606132401949,951.4448256630919,15,9,1224.65900725144,2023-08-11 00:15:00
D,44.69395977957659,57.73354485510179,175.49162738135738,0,1,0.0,2023-02-27 19:28:00
C,14.493800130894384,25.018809804973273,567.7273179310546,8,4,567.6846025705414,2023-12-27 06:32:00
C,13.643837728445822,23.84553665155333,579.3144666619379,5,6,0.0,2023-03-24 19:40:00
C,35.35185859950594,41.78061821290005,489.6244620502448,15,6,645.9557022241263,2023-02-18 23:03:00
C,30.243542095224317,42.99700359925568,644.7452485768185,2,12,0.0,2023-02-14 07:41:00
D,19.595623329593206,27.30971713406035,229.82672579761842,19,8,0.0,2023-01-25 18:35:00
B,12.779677914614531,22.746632142794,552.6622677767482,3,1,0.0,2023-08-17 14:16:00
A,12.998038735875069,20.840779665150237,372.17325524689716,18,7,9.267271132318731e-14,2023-08-31 04:08:00
C,41.29668061324414,47.63496424324107,661.6672596291891,2,1,0.0,2023-05-21 14:46:00
B,16.715356365156,28.010933334073368,141.22354337314945,18,7,3.417320183937118e-14,2023-07-17 17:56:00
C,21.318004674043227,26.861325022272265,570.8774168394763,19,3,0.0,2023-07-22 06:02:00
C,17.932974077944582,30.41942641920658,185.2703553833237,6,11,0.0,2023-07-17 10:00:00
A,22.424870704117804,30.60073865672897,278.6430631150364,19,8,0.0,2023-05-25 05:05:00
A,12.429834496113267,17.43118142615812,218.70980032358324,8,3,225.33129951946472,2023-06-21 13:17:00
A,28.167092681789462,38.278384074161764,182.8377798688171,0,1,0.0,2023-07-25 17:47:00
C,12.366439725727522,17.834958811003553,825.710951560667,7,8,439.66935159834344,2023-12-12 11:53:00
C,38.012477773782656,45.77417335199165,285.70756766089033,6,3,0.0,2023-11-29 09:03:00
C,18.179922866865155,30.249687741422317,927.1237818644494,17,2,469.8369769973832,2023-03-16 22:22:00
A,28.90041701115787,34.52731322737653,969.9265253451908,7,1,482.9373667704215,2023-12-02 01:55:00
D,40.80276806465104,54.19615298821107,571.2604699370974,0,3,0.0,2023-07-08 16:57:00
B,32.7807079166518,37.81890714323763,143.0011226657264,10,2,234.98499516563743,2023-12-05 12:52:00
D,28.653522529296737,36.12176122131576,374.54824337958127,17,2,185.25526967199806,2023-01-20 08:24:00
C,21.351681359038146,33.760721920558865,797.732263348214,22,6,0.0,2023-01-11 16:35:00
C,21.655066957036926,29.817768454329993,367.3907286970705,9,12,509.55629960150776,2023-04-11 12:33:00
D,33.432043431936656,39.45096731259679,87.01721830278875,2,1,0.0,2023-01-23 11:21:00
C,44.794877642740865,53.397216830745144,556.784910928188,6,2,0.0,2023-09-01 22:07:00
B,33.16437164472825,40.8683045085735,845.1208514960348,15,6,1119.319362339551,2023-12-04 21:21:00
C,29.522419607950873,42.94953862955642,795.9263871435024,15,3,1044.793178442644,2023-02-04 05:06:00
B,35.572767858373616,43.70624703422504,175.12314013035325,19,4,0.0,2023-07-05 16:08:00
D,26.282196429930135,39.17152114769021,672.7646144124667,16,1,634.6282225702109,2023-08-28 23:47:00
D,12.104981991027483,26.02370343913483,220.50426343564712,1,8,0.0,2023-11-09 13:57:00
C,29.680388555726843,39.01856275149214,218.20753455217223,0,7,0.0,2023-03-31 13:35:00
B,43.516884957688305,57.61631639623222,874.0717733051852,15,7,1074.8528899486305,2023-09-03 21:13:00
C,16.135602982518087,24.908783522150017,249.66895274023017,11,3,482.499362307916,2023-01-18 05:17:00
A,34.1501711787233,48.790955343624375,263.24734651801117,4,10,0.0,2023-11-22 19:59:00
A,17.032679103066975,22.925574348322705,0.6533907612995549,4,10,0.0,2023-04-30 14:24:00
A,28.753968956557845,40.624161621590275,870.6690341255177,22,3,0.0,2023-12-11 19:45:00
A,13.383675737635187,23.321816142204476,792.5948132091347,8,2,797.9152924943346,2023-05-28 19:31:00
C,25.76298276903648,34.63947082359295,627.328935090678,8,12,603.1404592242691,2023-09-26 09:38:00
A,36.46571651133361,47.79283529881962,750.2657639388423,2,1,0.0,2023-09-28 01:20:00
B,22.165003348364372,34.20357426470768,152.0485674244918,18,7,3.58701512184505e-14,2023-07-18 17:41:00
D,33.27191035705263,38.31554305355572,458.3235945875754,15,7,613.6446374261775,2023-04-11 03:26:00
D,37.84074862764052,44.51027951511251,351.2193873487809,15,12,457.9362584137754,2023-05-15 08:52:00
A,42.451223681780846,54.58168418812403,93.77652625701649,2,2,0.0,2023-12-02 22:05:00
A,18.212472864940874,29.876327000722938,486.1304852149241,19,7,0.0,2023-08-01 05:36:00
A,23.976057053325786,38.636532104612556,920.7396503426354,23,8,0.0,2023-08-06 00:25:00
C,15.33456046656461,27.94493836907244,40.05911905069448,21,1,0.0,2023-02-21 16:58:00
D,44.73692257554313,59.24464965285651,291.4609134937939,23,9,0.0,2023-05-09 19:50:00
A,42.44503387735033,54.470438892698404,207.54093620570347,0,7,0.0,2023-05-31 15:58:00
B,28.898499559819584,36.879021646214014,238.1466536656963,23,3,0.0,2023-04-03 08:18:00
A,39.47116530317474,45.52481452568331,908.4345518793752,19,8,0.0,2023-09-26 03:48:00
D,28.233529204521478,41.051767837970836,468.06905423429015,10,7,758.6654660891792,2023-01-17 12:33:00
A,31.82549908009659,43.26699129485575,466.2994129398188,16,11,432.2278636719467,2023-01-22 02:44:00
D,13.119355124060581,18.601215247993544,760.5756424552823,7,8,403.77980405951166,2023-10-01 00:39:00
A,36.43446471738828,45.03496937639807,154.4922040049258,3,6,0.0,2023-07-03 11:36:00
B,14.46997192723322,29.03797008207608,487.2653541000508,5,9,0.0,2023-06-05 16:51:00
A,38.91236705883849,48.9163785159405,429.9852141210597,7,5,201.28380823310872,2023-09-10 04:46:00
B,37.37098306846351,46.698274428660554,596.9106905466562,19,3,0.0,2023-08-11 13:23:00
B,34.80606442100417,44.38306047259711,999.5577032504386,2,3,0.0,2023-08-24 10:52:00
A,11.265613318366674,18.35444055841831,769.4488940820471,15,1,1117.0909239593088,2023-07-26 12:03:00
B,20.6094924580865,29.296564166734452,397.86570301742717,2,12,0.0,2023-10-26 11:32:00
C,19.2089399468795,27.907072506751266,827.553052274047,17,8,423.3917362536147,2023-08-24 21:12:00
A,22.604774261503167,28.12832446337789,170.70836331248017,13,2,325.656557942814,2023-04-15 06:49:00
A,13.067496136734349,25.74317242191353,30.463686308960124,17,3,15.722287569176123,2023-09-10 17:06:00
B,42.7935238060872,51.95856812512599,204.44837246427306,1,8,0.0,2023-02-21 23:07:00
B,29.38307842493317,42.6048772930974,340.41155611425967,21,8,0.0,2023-06-02 20:45:00
A,20.693350873030823,34.196830884229776,510.5807574595599,2,11,0.0,2023-08-20 03:10:00
C,23.894353097599918,31.0142936445865,615.1291405411998,15,4,848.9960602719693,2023-12-16 03:02:00
B,25.652088917669246,37.22562373937053,910.6057172144217,8,4,866.074825720089,2023-05-04 21:59:00
B,31.020801667621605,40.74361970925142,509.8540095504577,3,5,0.0,2023-01-09 09:54:00
D,28.04877996937742,41.85034734859227,501.2756446257294,0,6,0.0,2023-04-30 18:56:00
C,42.178719062504605,49.33612585426915,50.24300982298213,3,5,0.0,2023-06-28 05:27:00
C,27.39372190170406,39.1718539048045,34.91155265622381,0,7,0.0,2023-08-30 16:52:00
A,44.725530518815944,55.80305174134317,551.159961916372,13,2,933.5679420853379,2023-07-12 06:23:00
C,39.799873521078354,47.752888296796684,438.1786132483445,20,7,0.0,2023-11-17 16:19:00
A,17.297868002506753,23.66387703901848,839.1803949802986,15,10,1193.1230334704983,2023-06-19 04:24:00
D,42.570832512537066,54.08723011730983,160.67958471184517,19,7,0.0,2023-10-30 18:07:00
C,14.072823925991663,26.45879850731497,24.971662117049597,23,1,0.0,2023-10-26 14:59:00
B,38.610739797191705,46.76701323482521,449.03876793012586,7,7,212.2015094508436,2023-08-04 15:16:00
D,23.321815271680304,34.770141311903444,237.47855675225748,6,5,0.0,2023-07-29 20:51:00
A,40.72910121557743,49.68041029169246,49.614373338837446,2,3,0.0,2023-01-16 05:07:00
D,40.38198415376076,52.51405298658694,724.598286847629,16,3,644.8517442143658,2023-08-31 08:37:00
A,38.20738900411674,45.199541753057275,111.59299995724747,0,4,0.0,2023-07-12 17:40:00
D,37.65106527074715,51.55321529710889,608.3195000077717,15,12,768.9194331906538,2023-09-30 09:55:00
A,20.663769868431427,28.537865833087224,281.04975016688917,11,2,535.2629379014313,2023-02-13 01:15:00
C,12.832174906793826,21.510034784355355,173.49605035502202,18,2,4.308749073444079e-14,2023-06-17 03:34:00
B,24.10430625678065,29.685225777584147,379.75152291931744,21,1,0.0,2023-12-22 00:38:00
A,16.073358024527803,22.188480147740567,801.4457762229537,22,5,0.0,2023-06-02 23:25:00
D,34.32328811158616,44.48190713870944,392.09357690457267,21,4,0.0,2023-04-29 08:21:00
A,22.113490428822494,29.78941719610221,750.7696492110557,13,11,1422.5897724149195,2023-05-25 08:06:00
A,44.14635703009702,57.501159287518966,125.4862967991507,5,10,0.0,2023-10-19 22:02:00
A,32.43402270708662,37.58095659363616,772.7714196650791,5,2,0.0,2023-10-25 11:08:00
D,38.786819727202634,47.577760213922,236.93332490664864,12,3,431.0712594418606,2023-03-12 03:12:00
B,14.638363545964696,23.011819013655625,677.3931298888727,18,7,1.672329296477506e-13,2023-07-26 15:35:00
C,40.17050687954179,45.363783188717804,565.7815548409964,21,7,0.0,2023-06-21 00:55:00
B,42.296501667968805,48.54018565797391,929.1447172116873,7,12,435.6730805407897,2023-11-30 23:39:00
A,27.047167158662756,36.18359390784911,387.32251797531404,1,4,0.0,2023-06-09 09:06:00
D,31.21885282128421,41.147498665758675,66.16518883444044,20,5,0.0,2023-01-01 03:05:00
B,36.76834303160484,45.81124050415353,19.155485551252905,0,5,0.0,2023-02-19 10:03:00
A,16.11935195411444,26.428728738235378,826.8585609727531,14,6,1423.9763597454212,2023-06-17 23:25:00
C,27.589812676220486,38.541129425277305,524.7356376614322,0,9,0.0,2023-03-17 22:23:00
C,23.953205972030958,29.052444183309312,775.2440518349492,4,2,0.0,2023-11-07 11:17:00
C,15.12308972567872,24.764041320213757,234.4256000115147,15,5,331.840770411107,2023-07-08 15:59:00
A,22.8637047802036,37.498697189079486,345.08374551323374,18,12,8.029552429256808e-14,2023-12-31 22:55:00
D,12.386030828492276,22.57635362978776,30.103872211318937,3,3,0.0,2023-07-29 13:50:00
B,10.903416743232045,22.678839417821578,961.4923245741121,2,4,0.0,2023-08-06 01:28:00
C,14.730820120418796,22.84945869958763,667.8679067008134,16,10,673.6130167671336,2023-01-11 05:45:00
A,43.70902890562108,56.44894268714871,933.2050877593063,16,6,815.8118344781142,2023-08-17 13:01:00
A,29.233533756325592,41.96274857508674,265.49640742907235,11,12,478.09892062581724,2023-05-25 00:10:00
B,43.8037756403627,54.01673611690409,611.4636112256609,13,8,1044.1520986283474,2023-07-29 14:31:00
C,25.13742574155462,39.89756397434675,678.4999682926378,20,1,0.0,2023-07-20 15:14:00
A,20.913564657984086,27.16906680561062,317.5497002575884,5,10,0.0,2023-08-11 02:16:00
B,27.714965199408542,32.88444184830435,848.10923501563,2,8,0.0,2023-02-25 20:16:00
D,25.382909102151853,38.084491219722814,947.1614629002478,8,11,897.5889595203353,2023-06-09 03:51:00
D,13.698263949161037,26.769819322809862,884.8551176960043,4,7,0.0,2023-04-07 20:47:00
D,32.42892101415722,38.63099330536298,739.0669759393726,23,1,0.0,2023-09-13 21:31:00
C,17.561336387835986,25.217164717422047,277.464679724954,16,2,277.2236575698857,2023-07-09 16:50:00
B,31.685578421424037,36.86110205509033,281.6160421056317,13,3,518.2287407333399,2023-06-25 22:48:00
B,32.75703823393537,40.69012434174101,963.3603204460379,20,1,0.0,2023-08-07 19:45:00
A,15.320869859502684,28.0522885986894,10.284495935692028,2,9,0.0,2023-10-22 05:45:00
A,12.147236948873385,22.326842225999172,716.0499732421445,0,8,0.0,2023-01-29 00:52:00
A,37.32665551239539,45.807611444078276,706.2461625552622,19,2,0.0,2023-06-23 03:20:00
B,26.093014831926205,34.81040778098951,622.6895409497974,20,9,0.0,2023-04-06 22:37:00
A,12.035732842691653,17.049269099846335,990.1088460868658,22,7,0.0,2023-10-07 11:34:00
B,44.82032110094185,52.81832637659421,311.8794357637252,0,9,0.0,2023-05-19 14:32:00
B,12.022319634872833,23.48690705125214,339.9718637932482,2,6,0.0,2023-11-07 06:13:00
D,34.326233010049364,49.068177448212936,78.93940294655555,17,6,36.92814229304569,2023-03-09 16:37:00
A,44.428762384219475,57.89937065405847,442.7981365437374,9,11,543.8033217870909,2023-08-17 00:01:00
D,18.371303647557397,23.607253294012686,261.0485262348481,21,4,0.0,2023-07-20 03:01:00
C,14.978727904051865,28.96433395080026,343.3867021776442,2,10,0.0,2023-08-20 16:14:00
C,14.24847287978501,27.08045701277127,834.5717902556277,7,10,428.4110667691963,2023-01-19 09:56:00
C,20.614630164865844,33.41839140057564,935.4845135274958,13,2,1746.3618529950393,2023-11-29 15:45:00
B,13.536603385372635,23.116560975408348,185.73307200518562,23,7,0.0,2023-08-25 13:45:00
B,34.225646959294615,43.205699888839646,372.50893155346586,17,5,178.78276928636888,2023-01-29 00:29:00
B,12.180212934552195,20.20937022288412,928.6305621153941,14,11,1639.2569875043882,2023-10-17 08:42:00
A,27.82977448524264,33.4867230747863,61.808460689222635,21,6,0.0,2023-10-21 23:56:00
D,44.88438988485419,52.166743519791176,92.36052811137851,22,2,0.0,2023-06-24 10:06:00
B,38.48895943271066,45.954995782490904,162.79098920622937,1,5,0.0,2023-12-27 18:30:00
D,31.53268033808538,41.3734510351874,595.2128341268748,9,10,786.6281248401225,2023-12-05 16:46:00
D,20.71887672753141,33.19332079349835,150.47227100599747,1,4,0.0,2023-05-28 04:47:00
D,31.836354270207348,41.57445255418681,968.0763814507335,16,9,903.8950372379973,2023-12-04 05:24:00
A,28.44645123690781,34.02489573137942,446.7145272585203,7,6,222.88891518304726,2023-03-10 16:02:00
A,24.912918436163,39.49081644604504,501.5179603501664,0,2,0.0,2023-02-12 12:23:00
C,14.574863185906981,29.002106376848104,246.6586158054065,8,1,242.70999972852908,2023-04-20 22:55:00
C,41.03114753341634,53.883042964900426,470.9602524347335,10,5,721.4843637226926,2023-10-11 18:19:00
D,25.742462708746288,40.65574172438849,661.9136326370116,21,9,0.0,2023-10-30 01:40:00
C,16.81178791372678,27.25661124172941,751.1771369540428,15,6,1052.7358776248748,2023-12-18 13:25:00
D,22.871577280705136,37.4992607832372,753.868082709913,6,10,0.0,2023-04-06 21:30:00
A,24.494541338512445,30.25059174467995,577.8911126940883,9,12,800.0970242743156,2023-01-01 04:37:00
A,38.9638263448406,47.62063382745431,904.3597749938572,22,7,0.0,2023-01-26 12:43:00
A,35.67650331964907,42.93031599971673,817.4078473061094,2,5,0.0,2023-04-11 10:27:00
B,36.925671277446895,43.884002118789596,757.0481146986255,17,10,362.27612040326744,2023-11-16 08:46:00
D,10.386094255002652,16.79412374392941,55.605521680460626,23,6,0.0,2023-02-15 02:26:00
A,24.565389936291652,35.78952635195162,6.877962219649314,12,5,13.162244802365556,2023-12-10 20:25:00
D,26.84704530723633,39.66026386470938,212.44727719547296,6,11,0.0,2023-10-14 11:05:00
C,10.671729688806984,21.45471368301059,663.5235939134523,3,9,0.0,2023-09-09 21:20:00
C,19.093462306076198,25.563089401958294,411.1974888825458,12,6,820.5426501802787,2023-02-03 09:43:00
A,36.610143809274724,49.72138150860943,402.4062592993117,19,11,0.0,2023-11-12 10:33:00
D,14.798839700514966,26.15838677215225,884.5868882296137,0,8,0.0,2023-07-02 02:39:00
A,28.735854600840707,37.61751166211066,895.5628481318387,7,2,440.18066722419746,2023-02-04 07:13:00
C,17.53206552060331,29.27336847596394,909.1752640535857,13,12,1726.368900034921,2023-08-08 07:46:00
A,10.424227112536265,18.023276904964593,313.8780765150273,15,9,456.27824085553556,2023-12-09 19:14:00
D,18.442051015983953,26.893973100926058,691.0558127392618,13,5,1324.9033663371538,2023-04-29 19:22:00
C,44.155581421851885,58.33043985317179,271.63318127436963,11,7,454.7937489274673,2023-02-21 19:37:00
B,38.053798915904636,45.95884397261884,190.6098330744498,18,10,4.2772010695211436e-14,2023-11-07 19:48:00
C,43.585182551236166,53.28506523281553,184.6324573473692,22,1,0.0,2023-03-30 08:49:00
B,27.074891537422687,40.97630291138283,342.10762086359404,14,10,554.6808896378553,2023-08-22 00:21:00
A,13.840766953712622,25.917980456387895,429.9576197798217,1,5,0.0,2023-04-13 11:58:00
A,29.178582114079255,34.80061437572628,830.9491710550684,1,12,0.0,2023-06-22 17:35:00
D,25.90320670959863,32.376237152388335,119.8910934727121,22,10,0.0,2023-07-27 14:22:00
B,39.55249789588656,44.63091380360573,734.9258473948942,21,2,0.0,2023-10-09 05:43:00
A,13.432890327448561,24.742108229740197,531.4549141893053,18,12,1.3030318987511449e-13,2023-01-06 06:17:00
B,27.088439795762238,36.56517404986642,287.9453426759925,21,6,0.0,2023-08-11 19:39:00
A,15.25170326428945,21.594451773312205,492.8195845328246,21,11,0.0,2023-11-05 19:57:00
C,21.3636574411521,35.942998651719805,299.94206977702265,16,1,286.8130071163666,2023-07-08 14:51:00
A,35.80749770857299,46.104094948029186,596.081955238306,19,3,0.0,2023-07-29 10:21:00
D,26.66063452790683,34.07956746903572,433.8439228552442,9,5,591.2649592743247,2023-07-27 03:51:00
C,23.156089980101928,33.162125691649,164.40552907887874,5,4,0.0,2023-07-31 14:01:00
D,23.806669749951237,35.60287307730231,116.58307455569673,14,3,193.36374873868306,2023-08-30 17:33:00
C,26.080636894209533,31.84302907394518,546.6956820721301,21,10,0.0,2023-11-18 00:45:00
B,37.47557903429699,45.22261718477591,902.4130332861034,10,5,1436.5913801191966,2023-03-27 14:23:00
D,41.2229641129082,54.29261902174814,343.9576865576856,4,11,0.0,2023-12-13 11:34:00
A,43.43671402763749,53.033362731664106,733.0001072226232,0,8,0.0,2023-03-10 14:46:00
B,37.54161851893533,48.007389939258275,658.661354939767,7,11,309.5708925773743,2023-09-20 12:56:00
A,21.039241351180447,30.36740137327514,931.554914309481,20,4,0.0,2023-01-25 18:16:00
C,34.08471471302897,39.523714139459024,820.9810172991408,11,1,1493.8743061897449,2023-02-21 08:41:00
C,25.316109341938716,31.973607140140274,566.605258905463,11,11,1064.0641394274307,2023-10-25 00:23:00
A,18.913471771611793,28.368888159030703,657.0304982341073,4,7,0.0,2023-11-25 07:11:00
A,39.430505279907294,46.52235993398657,898.3864665840349,6,8,0.0,2023-01-15 01:16:00
B,11.344922213681375,16.844712500278163,399.51878458693477,3,3,0.0,2023-09-24 03:04:00
A,41.56166972473982,54.99816636525806,326.7947058577774,5,6,0.0,2023-12-19 08:51:00
D,26.151711261865696,40.96363655350685,10.81108363519634,12,2,20.24149359117796,2023-02-22 15:34:00
D,32.302051688289815,45.23348042825721,826.5510741914642,19,7,0.0,2023-12-23 05:21:00
A,33.0773872772024,46.61523649424907,800.9807004033648,14,8,1267.3886033936246,2023-07-04 06:57:00
D,41.32912092472878,48.74889222789923,104.45451810015139,2,6,0.0,2023-05-28 02:22:00
A,32.283438875852255,46.88970863098425,576.8573811327002,22,6,0.0,2023-10-18 11:21:00
B,31.487675466602163,38.45693251113644,463.9816981668874,7,5,227.2465465898883,2023-09-06 07:09:00
D,12.332821419624148,26.84711952324247,118.70909550911146,19,8,0.0,2023-12-19 00:49:00
D,28.144280768082144,43.092473707741654,980.5682270607235,15,1,1286.375172456141,2023-05-25 03:23:00
A,15.255915028596458,27.373143086056945,214.69588746335543,12,10,425.3157424392027,2023-08-05 10:32:00
D,35.810181905251994,50.621619223170214,67.23418009056115,17,4,31.236138533608703,2023-03-15 04:20:00
C,27.927767228443606,38.62316502411464,594.8473795019096,9,4,795.3997591391546,2023-06-14 02:15:00
B,33.80797227229237,41.40339010405327,738.8666771330327,18,3,1.6909604686881444e-13,2023-04-22 14:42:00
B,11.45855152108345,20.828510377739658,32.44344604718697,16,3,32.98479604117178,2023-01-21 09:03:00
D,12.967720561603112,23.90332991539097,658.7176387270222,23,4,0.0,2023-05-21 05:49:00
D,35.07131858219388,40.80213420246403,532.2918759514545,18,11,1.2213316442985679e-13,2023-05-18 01:38:00
C,12.522951759953568,23.746384406126026,103.26500887504841,22,1,0.0,2023-10-11 09:36:00
C,12.49398547178405,27.305763839406996,172.52387694636207,4,11,0.0,2023-07-28 11:22:00
D,10.42379663322106,17.324873131058336,567.9742973160805,20,11,0.0,2023-12-09 19:23:00
D,43.4775489404818,56.40350010336564,296.35761351328836,22,2,0.0,2023-07-24 00:40:00
C,35.812792581065246,49.89178051886144,938.315728651316,8,9,844.8903319513796,2023-07-09 04:28:00
A,22.363799297572246,36.80081522577446,818.7402294840508,11,10,1507.0239914355038,2023-11-26 13:08:00
C,20.378745345067934,34.98010138912241,983.567206513663,20,2,0.0,2023-03-26 17:54:00
A,22.239613041104736,32.45420942831946,259.670838950414,0,5,0.0,2023-03-02 00:43:00
B,37.11287359134136,51.8859526712564,969.7236327979771,0,9,0.0,2023-10-24 13:56:00
B,33.1479713874645,45.72107345880889,431.2338697915579,14,9,685.0111208420567,2023-10-16 09:23:00
C,16.48184487536138,23.098559237730996,347.51879531375465,1,8,0.0,2023-03-18 17:32:00
A,16.093826736692954,25.862827801372653,50.34952696935324,21,1,0.0,2023-01-08 10:53:00
C,13.443847739968906,25.627159493688943,52.76525785960262,15,1,74.4341453516661,2023-12-31 20:22:00
C,33.110595189546835,40.58399834773767,692.0112559466547,7,9,335.88192240514485,2023-03-20 17:19:00
A,36.75304317776076,48.15919501324963,457.9289944340279,12,11,831.0158537935041,2023-01-15 21:41:00
C,19.27662499137514,30.942629781841333,226.52162603610572,20,8,0.0,2023-09-21 00:24:00
B,10.733073636081949,17.360071074167607,613.9703063252326,0,10,0.0,2023-04-18 01:33:00
D,12.876008361674957,23.52686148620252,252.85811825011118,15,9,359.702530293076,2023-07-23 12:43:00
D,43.87510121957607,56.59137032936214,577.6317543444226,6,7,0.0,2023-03-10 18:43:00
C,20.340567211709708,30.329523857069127,359.20874698269034,4,3,0.0,2023-05-15 08:14:00
A,36.92281017433468,42.04384134209575,823.552226611819,21,3,0.0,2023-05-08 11:27:00
A,31.86322490989923,36.953609600692154,820.6961607667793,22,2,0.0,2023-12-04 09:28:00
B,23.367887387851358,31.938180827551477,477.3503981224013,2,5,0.0,2023-06-14 17:36:00
A,17.199054176844427,31.46099486116225,350.8191093350156,11,12,660.2152236308574,2023-04-16 18:24:00
A,14.248524635579225,21.53529243161531,362.55979655909454,15,12,519.8429162661931,2023-07-17 15:06:00
B,31.52545388136033,42.8690907700772,805.7145256682179,18,3,1.8323777283837298e-13,2023-01-05 14:05:00
C,37.11218232232258,44.332941029255785,328.179482797612,4,6,0.0,2023-02-08 20:06:00
D,32.536648873939576,40.75334877053506,209.05937370684603,21,2,0.0,2023-10-31 20:51:00
B,28.56057466372054,42.04099555973538,84.68834187530683,13,12,152.45332354234935,2023-04-05 02:27:00
C,11.46829282010727,23.75690724280674,466.6931208844084,4,3,0.0,2023-07-23 01:12:00
B,43.89710721580343,49.85109998893554,482.1320989198419,14,5,752.0669342317415,2023-10-23 03:40:00
C,37.95499670791011,47.24201691777445,840.9087104029071,16,12,766.0946873505657,2023-04-19 16:58:00
B,20.248771284533767,25.540468920986413,221.23869644606398,13,11,426.4763549383007,2023-12-01 16:58:00
C,44.298961527559776,54.10786299358986,380.9912736683999,19,11,0.0,2023-11-28 05:29:00
B,31.065855637271273,42.69019575428195,808.4057388936909,4,1,0.0,2023-09-05 12:14:00
C,30.384793037253626,36.56981927323514,823.6236107489735,11,1,1517.4828133990036,2023-06-22 05:51:00
B,36.182561280033624,44.071410669125285,384.6110759787682,15,10,502.42874530360416,2023-09-22 15:35:00
D,38.41194258315481,47.39030883817638,459.1240232866809,15,9,591.1473623256687,2023-11-04 04:46:00
D,32.97675125660259,47.172061503163086,303.2858908492829,20,7,0.0,2023-01-01 17:11:00
A,14.483351122817002,29.415901277046643,932.5548784193121,6,1,0.0,2023-10-26 12:02:00
C,21.839362709807443,27.2884756997636,118.64376574158031,3,12,0.0,2023-02-09 10:33:00
B,42.482927411411744,55.093006646365666,933.7494230014701,0,8,0.0,2023-12-31 15:12:00
C,17.861546414534818,26.57878707855825,683.8664518353432,4,3,0.0,2023-07-03 08:36:00
D,23.025845834312967,31.95042769660777,531.5721526867312,22,8,0.0,2023-10-24 03:18:00
C,25.12269090304686,37.66534063651709,32.65906078449588,9,5,43.84699608403119,2023-07-16 06:42:00
B,25.379174639305827,39.56343896075991,475.5961918220083,21,1,0.0,2023-09-11 21:53:00
C,31.452885387308392,45.962171332333874,407.7481050027323,4,7,0.0,2023-07-23 07:41:00
B,43.00765432106476,53.778880181447974,161.21881197512255,3,5,0.0,2023-10-23 12:23:00
D,18.424244914137674,26.995456507142702,656.4096035006569,1,6,0.0,2023-05-15 22:31:00
D,14.252548170532132,27.128039029119925,971.1509073682857,19,6,0.0,2023-07-13 15:10:00
D,16.911467145097806,24.421480977720808,562.1888110645251,9,8,796.8948590822799,2023-03-25 09:47:00
A,41.04237150732443,51.68311179565961,714.7532764439458,18,9,1.563790466379644e-13,2023-05-08 12:06:00
D,32.60337844293221,41.189163058180945,68.45045256601678,0,2,0.0,2023-02-06 21:29:00
C,20.006737623370604,31.573048360449363,417.66699581699476,23,9,0.0,2023-04-18 18:37:00
A,38.5581428639016,45.96213199283667,116.35848516449587,4,12,0.0,2023-07-15 12:05:00
D,40.14794987272026,47.06387933006852,612.7958355365104,12,11,1117.4264441190521,2023-12-18 09:44:00
C,39.628001854159734,53.81039272091411,938.4821582141545,3,10,0.0,2023-04-30 06:06:00
C,42.162428677384405,48.18046550687977,661.7777324716385,15,9,849.1171133460226,2023-11-09 23:32:00
C,18.828435706067655,28.88801478341697,76.80304831442153,23,10,0.0,2023-07-23 22:43:00
B,36.42646750611974,43.634995335749835,354.66620498508286,15,10,464.1864587010792,2023-02-24 22:50:00
A,26.1188824045949,31.508182037851576,550.6633794408515,22,7,0.0,2023-11-01 04:27:00
C,39.46994935115215,44.83013753406642,403.2077561332522,1,1,0.0,2023-04-06 20:12:00
B,35.49717370065646,42.24939142171473,833.6440104751723,16,7,776.124603102955,2023-07-21 05:01:00
D,37.17566062749036,50.84336417255036,814.6710047099892,19,10,0.0,2023-09-11 16:21:00
C,32.965664318837504,40.79045175860777,611.8310201032215,23,5,0.0,2023-09-14 23:49:00
B,16.21000693143974,30.714598637192697,373.4579451327053,11,6,704.9738088843883,2023-07-26 07:48:00
C,29.07594216139284,39.89216509128478,255.33637376324413,17,10,124.29853385233638,2023-01-06 07:19:00
A,44.463440883357784,53.829582781045445,105.87431821312931,2,7,0.0,2023-05-02 19:07:00
A,42.808582327399165,53.609470674093714,354.89768348655406,0,5,0.0,2023-10-01 10:59:00
D,11.511080752895408,21.678064605158085,413.1725172077195,0,7,0.0,2023-03-16 23:29:00
C,15.768518550530299,28.35628108810355,675.8229251040736,18,9,1.6330663065418435e-13,2023-12-19 02:51:00
B,14.610507070909668,22.43546773063819,658.1598242975734,10,3,1151.6601761736142,2023-08-03 23:10:00
D,35.409296849485344,43.93980076548837,70.10813964125695,4,8,0.0,2023-06-25 20:23:00
C,38.62248654499308,52.56342957032559,395.2593154311578,11,2,679.3945671197544,2023-09-01 21:08:00
D,17.472897820873516,31.937462952377572,181.77886721736192,2,11,0.0,2023-03-09 19:32:00
B,27.704844253314015,41.63042652817876,156.81270531680568,0,7,0.0,2023-01-09 05:31:00
D,39.424605980392,48.61908591996514,827.3021497372459,0,2,0.0,2023-03-13 06:53:00
D,35.64805406681877,48.45170909688759,41.91521671625753,7,4,19.66159398881201,2023-12-06 02:59:00
D,28.97830219221469,38.74165952522568,419.18287590212134,9,7,560.2291096679561,2023-06-19 09:18:00
C,30.66216916605705,40.63756768751807,168.20365576651818,10,3,273.1140522000537,2023-01-27 13:12:00
B,27.7926191420698,34.83942023264264,879.330215678474,11,2,1631.8772393325776,2023-11-27 11:37:00
A,20.41419579615872,31.325498828743882,557.0405132750351,12,11,1085.8925536357972,2023-11-16 07:15:00
C,29.775769750065564,36.63712872759904,231.38063637684803,11,10,426.1862014194078,2023-02-27 16:24:00
A,34.110985571753176,42.42663256242511,502.4272871663764,13,7,902.956782199113,2023-09-20 13:11:00
A,40.56630205512827,54.11660407132762,731.4863597031158,1,1,0.0,2023-07-05 11:50:00
C,32.27019738927368,39.34095548138224,958.1180089194338,18,8,2.2120959188450705e-13,2023-02-03 00:08:00
C,36.63925379651053,42.35083664824486,220.44600424541895,17,3,106.1915460920411,2023-04-09 13:28:00
B,15.602507223410054,21.292583149538217,886.1817721293452,2,12,0.0,2023-06-20 23:22:00
B,26.154511604692647,40.562356809723724,934.3041141674903,22,12,0.0,2023-07-15 09:02:00
D,10.326606693948266,20.395811073566612,916.4205445320662,16,2,933.2980378244284,2023-05-28 05:45:00
A,18.633760258256807,27.727880976426988,635.4143568619098,7,3,325.3257138446666,2023-09-01 18:49:00
B,35.42616002895517,48.53494583903435,629.8206544347076,9,5,806.8505205333162,2023-10-05 14:47:00
D,44.71334829722772,58.07160757633288,403.2106331838228,1,11,0.0,2023-08-02 17:11:00
B,13.471233485552556,21.7931438167086,752.3978823037879,18,8,1.8664822504345465e-13,2023-09-29 19:00:00
C,24.05230105514509,35.98848162988304,531.2940183509319,8,10,507.941560108068,2023-11-24 04:29:00
B,38.00248390447058,50.713712062989444,677.4380712282945,6,7,0.0,2023-09-27 12:33:00
A,17.14124721201146,28.687754080671006,428.45790384879547,3,7,0.0,2023-02-01 16:45:00
B,29.42797322558002,35.943923973581015,731.4964640431391,20,12,0.0,2023-03-30 14:56:00
A,35.65749536103862,49.41632619620919,824.471517604549,17,7,385.09647185302936,2023-04-29 09:41:00
C,31.559490759106268,41.950436286466356,146.43625660281612,12,8,273.01524570503483,2023-03-17 14:27:00
A,16.580865711539566,24.405589975239604,832.929715574228,10,1,1446.106752210488,2023-01-05 19:42:00
B,22.43845990400088,31.69074175837782,540.2965317903072,23,4,0.0,2023-11-25 18:34:00
D,37.4327124569889,42.808423360977976,844.6659090902243,3,6,0.0,2023-03-31 15:46:00
C,29.39792799462058,35.676596006844754,431.3017063410146,20,9,0.0,2023-03-13 12:25:00
B,10.183036474001947,22.838503979160556,379.04048538303505,3,2,0.0,2023-05-16 23:25:00
C,36.63467660098328,41.63479294853695,915.0607325172224,9,1,1207.9835351046277,2023-01-23 20:00:00
C,11.235897422908367,20.40155570773129,251.1692675484013,4,10,0.0,2023-08-20 06:19:00
B,36.100682395593125,46.32578420644901,844.2123252861431,8,12,772.1983657922357,2023-04-19 23:28:00
B,17.086819605783308,22.633163805793032,484.02057250940413,23,2,0.0,2023-07-18 16:45:00
D,43.53257180417831,58.26335343390164,514.0954425512597,2,7,0.0,2023-09-03 13:05:00
C,22.877926295572955,30.139179608069675,308.468281489484,16,3,302.1271858816158,2023-01-16 14:17:00
C,21.44260657183277,29.48459376819558,573.0422006190157,2,10,0.0,2023-06-09 07:49:00
B,15.211081761635564,23.25050688418584,325.2111962762113,15,2,463.1365784994474,2023-06-01 04:55:00
A,20.696147542157522,28.00031416333102,39.26941424165231,3,11,0.0,2023-08-21 18:12:00
B,40.68277666398702,45.697514884850136,271.99860534435606,17,7,129.14025995749827,2023-04-22 05:12:00
C,44.87170181695365,57.16514975783362,6.379043406590679,16,2,5.558311860651837,2023-05-23 00:05:00
B,22.89083356773969,37.559288565732544,978.3547870568566,6,3,0.0,2023-07-22 18:29:00
D,25.70137208340899,32.94430691625944,965.7472098197475,23,11,0.0,2023-10-09 08:57:00
A,35.272482837095794,46.90295475513002,395.15529747230505,22,7,0.0,2023-03-11 17:55:00
B,41.01685231627761,53.43581558586476,728.370854339646,4,4,0.0,2023-07-09 13:58:00
D,30.756551696537446,44.24080548744269,345.80609841042497,11,1,616.6311037513568,2023-03-24 12:24:00
C,23.70339943622403,32.92969140636012,671.093157085976,16,5,649.806910523529,2023-02-21 09:20:00
B,24.44176442970183,32.47107348610612,805.4300430459791,22,12,0.0,2023-03-26 17:18:00
C,34.34663512738824,42.59958646761855,946.7562446922408,12,9,1760.21234224673,2023-09-25 02:28:00
D,10.112639226149755,22.238852557134884,400.212275849672,22,8,0.0,2023-07-10 19:28:00
C,31.685626811094423,44.853421476150785,783.2979829560477,2,12,0.0,2023-12-23 14:54:00
D,22.442255365447508,29.258395043013536,265.92845063211877,8,9,261.3987370482464,2023-07-23 03:14:00
D,37.79690659469795,46.5063166762756,990.3323037936483,16,10,905.1387032331211,2023-12-13 23:30:00
D,13.254672393809626,27.274074361301125,25.769598764351144,16,9,25.535190828947034,2023-05-12 08:16:00
B,30.58707934319367,43.65401454014106,603.5288065011209,19,7,0.0,2023-05-23 15:42:00
C,26.834051146014332,41.68263517363909,659.5059816513271,15,4,870.4439092941759,2023-04-08 12:39:00
C,32.48139340668296,45.02387600350377,688.0455570741289,21,5,0.0,2023-07-22 13:32:00
A,12.269875806903892,21.201827817183116,120.387578789089,12,1,244.43317960148516,2023-07-18 07:31:00
A,30.299432559984595,41.205810899930974,938.5297834731305,18,1,2.149723532211232e-13,2023-03-20 20:23:00
A,29.65196057858333,41.26210312105653,181.1832790500828,16,3,169.39759437918835,2023-08-21 22:17:00
A,29.623103304565984,35.40766146773722,622.7534032398411,3,8,0.0,2023-11-12 03:01:00
C,31.12206833087592,41.56703792191457,222.67607912308495,11,2,401.67010671912556,2023-10-07 17:12:00
D,33.67637780292268,45.769586087648776,307.2164170212709,8,4,281.6933857378217,2023-05-19 03:10:00
D,38.17461498882694,44.84782802883754,546.4585417281244,18,2,1.2321771059837076e-13,2023-03-26 09:28:00
B,19.443725204487503,32.250042378743075,417.19341856457646,11,5,782.5829404192629,2023-07-08 11:57:00
D,38.87672935630217,49.714457161443285,160.22560097650629,8,9,144.3860459705048,2023-05-14 11:59:00
C,27.438948879220877,41.96116673619682,170.93640242084828,6,1,0.0,2023-05-12 10:16:00
C,12.697039769701592,18.12126275177051,418.14478816279967,13,5,830.0201024823444,2023-05-09 03:26:00
C,12.049282523539272,19.702543899093943,757.2829782755007,19,9,0.0,2023-02-22 20:55:00
B,21.69834115436213,32.71387994736037,897.9646468477886,18,1,2.1315160768774926e-13,2023-04-16 11:02:00
A,37.471394198901365,45.436993320960674,84.12766225938284,14,9,133.8016114221269,2023-10-26 07:34:00
D,34.76883271593205,46.91307435664447,393.1039075594011,15,8,507.20408356519044,2023-02-14 06:58:00
C,37.601523763534225,50.191576588753534,100.24556372287662,20,4,0.0,2023-11-04 07:29:00
C,28.104416975456328,34.12957661612107,16.592480632597884,4,12,0.0,2023-11-11 06:30:00
A,25.406964928442168,35.54550957050984,661.7186826439566,2,11,0.0,2023-06-05 12:12:00
C,15.160838434719938,25.2497439906305,602.4494419665878,11,10,1162.6802989266703,2023-02-23 10:40:00
D,21.486746376325904,30.179554078481317,163.0191138148862,19,5,0.0,2023-09-09 22:57:00
B,25.190677816085635,39.51992644178236,233.8128330930641,20,5,0.0,2023-08-18 05:21:00
C,13.101015038786603,26.376078237518815,23.70775364451838,3,11,0.0,2023-11-18 10:41:00
D,17.721418344892395,29.693512163988764,834.9472056944037,20,12,0.0,2023-02-02 03:14:00
C,30.93788529223086,43.08115164958083,974.6905960485515,22,6,0.0,2023-05-23 01:30:00
A,35.748208998371645,45.365370436502836,135.4595367946908,15,7,175.96324278205648,2023-05-04 00:33:00
C,44.94216289875324,59.152108109718995,231.47521376529812,6,8,0.0,2023-11-14 13:50:00
C,42.658966597024516,54.60492086955737,868.4095239469341,12,8,1531.1454859833161,2023-08-07 19:36:00
B,32.4897819837317,44.77959260028987,926.4637979561849,20,11,0.0,2023-12-07 14:49:00
A,24.74368186529252,38.36059090316597,419.6273828068103,9,2,561.7277534328006,2023-03-29 13:44:00
A,32.26620776478814,40.006923658210056,50.62247226907412,6,9,0.0,2023-07-04 01:59:00
B,37.49780663280812,50.568515671475154,39.391833692819404,13,7,68.31620681236917,2023-10-22 05:27:00
C,14.141766682318556,21.094172711883477,573.9498660690105,4,4,0.0,2023-07-28 12:47:00
D,24.346671139370088,32.80009066181897,392.89510889317904,2,4,0.0,2023-11-06 18:06:00
A,39.3930799972466,47.74918453994503,28.652427577654514,22,11,0.0,2023-02-15 08:49:00
A,23.43415331765654,38.21940800154795,583.2523923125568,10,8,956.8045888685427,2023-04-15 17:46:00
C,30.01552949295153,43.580901730430796,11.302536589022472,10,4,18.121566509437713,2023-02-13 20:24:00
C,30.571927630176937,42.58362624607953,787.3719581492729,17,6,378.90722108886405,2023-03-26 13:00:00
A,16.45666885967738,28.72723647583128,306.4328227033716,14,5,522.8441873775919,2023-04-07 07:34:00
C,22.678240457830093,33.2989684018558,40.2580030092321,11,3,75.19076390656093,2023-02-16 15:01:00
D,21.707895105967626,36.17880177705282,588.3522209831533,8,10,562.0439295693154,2023-05-15 00:24:00
A,10.916884798622268,20.87947232744588,397.6844144330547,9,11,571.6804077217138,2023-02-13 05:18:00
D,10.846711736197433,19.651888834896376,973.8004133571495,11,2,1921.4822163032818,2023-12-17 14:59:00
D,39.10939652865207,45.73974989796798,544.1986625037022,16,9,499.0524858831603,2023-10-08 18:37:00
C,19.557478349048434,32.41953487165901,275.2391810370083,5,10,0.0,2023-04-14 17:46:00
D,28.13275681835854,40.477196139114454,709.4388646339747,6,9,0.0,2023-11-15 05:12:00
C,20.455395075607058,29.298945460848408,271.4920025427113,13,1,515.4633910133418,2023-04-11 08:32:00
B,42.92377357903692,48.17570771862921,904.2432914075652,12,10,1640.8347569895864,2023-08-16 03:14:00
C,19.075386560302082,32.46535983748219,374.72197050737645,7,3,188.1781308760617,2023-01-31 08:18:00
D,25.037988445862727,30.152168280403462,549.8685627762052,9,8,761.6056239800408,2023-09-13 04:36:00
B,40.545558766961065,52.58255656325157,50.57310382422886,8,6,44.99336183698491,2023-02-02 16:05:00
C,39.467674837713304,54.17024593497388,426.1212379522308,17,5,194.8394910205346,2023-07-20 02:10:00
D,16.513549624619706,25.890162906101743,832.363539660995,1,5,0.0,2023-10-16 23:34:00
A,38.09251584284986,45.44224989280939,805.6488053633419,4,6,0.0,2023-11-05 15:57:00
A,26.036541035826243,38.08525113626006,224.31855885352624,4,7,0.0,2023-04-26 12:14:00
C,26.90391052298743,40.07519194314328,226.07907101056267,5,1,0.0,2023-01-12 06:29:00
C,14.671799034558033,25.136102195336505,817.3053122132368,18,9,2.0007308603052232e-13,2023-10-25 01:28:00
A,12.821052981499363,27.491405734060827,930.3984201693255,7,3,476.81012105880905,2023-10-05 10:11:00
D,35.47787574408178,40.99456296066139,95.36092127300356,15,4,126.23255583275797,2023-12-15 14:31:00
D,27.37614033243549,37.42409631548077,450.0586394262253,12,10,855.3847037816853,2023-06-02 15:03:00
D,25.289774591531284,37.47431406475678,337.454278964229,0,1,0.0,2023-09-23 12:25:00
C,35.53278800283388,49.15919271432567,870.6884554574393,21,11,0.0,2023-03-01 19:46:00
B,36.79295146468884,43.58550758376674,83.52491468001877,19,10,0.0,2023-12-27 06:16:00
B,15.561785868427375,28.561820686064188,211.1259425580374,16,3,208.1179715597653,2023-12-18 06:52:00
B,31.357880231717445,41.8849509889029,752.4683375864944,6,2,0.0,2023-01-08 02:51:00
B,14.737392879718993,23.702929699618625,51.29384898121558,12,2,103.11995178727743,2023-12-07 18:49:00
B,36.2981280110166,42.61527829680754,492.53538071428926,3,1,0.0,2023-07-26 07:18:00
C,32.99343046934988,46.64638805843901,442.10703467972,3,8,0.0,2023-06-14 14:43:00
C,43.48151173792103,50.05424381971819,334.40117898874865,5,3,0.0,2023-11-13 18:21:00
B,12.413530572474741,20.511409164565734,394.57231531892376,18,3,9.837749636659685e-14,2023-12-15 10:39:00
C,11.996915240293902,19.897370559918272,529.9405869302329,11,6,1044.6622049731532,2023-11-20 18:01:00
C,19.876547614262005,33.59068795617055,161.3673583883831,21,8,0.0,2023-01-10 19:28:00
B,19.159698930756708,30.886728872845687,571.9958782835928,6,9,0.0,2023-09-29 03:42:00
D,18.644257967519994,31.611071939433717,805.4323292999863,9,9,1108.931869807265,2023-09-18 12:09:00
C,41.71891031823628,49.22358930616127,760.160929790159,18,4,1.681453832777318e-13,2023-12-29 00:53:00
D,18.734116994732712,29.9828579908027,153.8999046937737,6,5,0.0,2023-11-05 22:47:00
C,19.518240414502085,30.235700245939572,149.24946974147392,2,2,0.0,2023-12-23 05:04:00
C,36.57893918462873,49.90724295251144,268.1743677449133,12,11,482.91286244135694,2023-03-04 11:34:00
B,25.7408944857689,39.801765090581505,361.0747263410372,12,9,679.3931064465062,2023-10-08 23:56:00
C,37.18486949343134,42.30643720820521,408.4555814084826,17,8,196.7956169994573,2023-06-16 18:17:00
A,12.287815514753483,24.02801470534141,679.6972168333452,19,3,0.0,2023-05-13 08:06:00
A,27.06499177856845,32.58334976976574,56.680432165835406,7,11,28.449970226040623,2023-12-27 12:33:00
B,11.176476006414893,21.66506265718845,34.67270422606639,8,12,35.135229410465456,2023-08-08 21:52:00
D,12.192862120937408,20.06918941137419,391.91056294390904,6,9,0.0,2023-10-23 13:36:00
D,41.72531086705438,49.7930768622758,697.1636921379804,0,3,0.0,2023-12-22 02:17:00
D,14.87358798911583,23.403173023639397,193.43534295648257,2,9,0.0,2023-12-22 19:22:00
A,28.6347238796326,39.8476483701287,641.5044812562517,12,2,1206.8102987880663,2023-05-31 02:59:00
D,24.38834609102473,32.72884574771242,259.8281379402995,16,12,251.79545154407575,2023-04-03 22:22:00
D,22.157016419059495,34.4840069249623,886.0861088135164,23,10,0.0,2023-06-18 00:39:00
B,41.494167099054536,50.539440954793236,895.6899442666165,0,9,0.0,2023-04-02 23:22:00
D,10.763818887142133,16.44735089024172,297.28720428132647,5,8,0.0,2023-08-22 13:38:00
A,33.23263901614562,46.07023744098669,229.99375396324052,20,9,0.0,2023-02-09 11:39:00
A,43.71880519747427,51.57638844340133,411.30397206623127,5,5,0.0,2023-02-20 19:41:00
A,29.605886421164467,38.93355521715709,240.5315851801487,11,11,438.7732452143742,2023-03-12 11:21:00
B,42.788786171158215,54.64322500337723,672.3838432917037,12,11,1185.3146821407552,2023-09-29 22:14:00
B,11.829025775010832,20.15358734649795,826.0646845482855,12,2,1684.156971815019,2023-08-19 04:36:00
C,24.65776616759565,30.223622729062807,673.092130911217,14,8,1141.4703493965815,2023-11-22 20:32:00
D,19.10552268367179,27.844733153799925,824.3504472493495,20,12,0.0,2023-12-20 11:23:00
B,35.57873377432554,50.02321960126858,396.9921622074741,15,6,505.2363850738172,2023-06-08 05:54:00
A,44.34539816740363,55.762742140389214,156.31697070886085,21,8,0.0,2023-09-08 01:11:00
A,18.978552185548672,30.693343672220742,737.9509473975921,20,11,0.0,2023-03-18 03:52:00
B,32.896111051592605,44.21893258796901,360.4745051415539,10,5,576.3620146096663,2023-07-21 02:31:00
B,16.933417146590905,23.923338536185273,671.2708252291325,4,10,0.0,2023-03-20 11:01:00
B,29.786558910006345,38.96989755102915,270.6439419817657,3,2,0.0,2023-10-15 17:59:00
C,26.237637034091765,38.74703501772495,81.22963480667266,2,6,0.0,2023-01-05 02:48:00
A,44.0201865371038,50.03391551263539,992.5817954877634,18,5,2.1876820024256633e-13,2023-12-20 05:15:00
C,31.29845454437633,39.076982305273454,156.2015079305993,19,12,0.0,2023-12-29 07:05:00
C,22.23272302303866,29.995914107697196,988.420993963481,17,12,501.41983061608704,2023-06-01 20:02:00
D,13.993352471077667,23.313541747022725,977.2799325664473,14,5,1704.1171578189492,2023-11-06 15:04:00
A,15.29363900572271,30.09732641514456,793.8181039080397,8,1,777.6327039485578,2023-02-06 04:58:00
A,17.886092548293227,23.56111801513145,659.4229620819975,16,2,663.2182893641914,2023-04-07 10:22:00
B,18.78383314691043,28.97084309071638,577.8070502510847,13,8,1098.507888963152,2023-06-03 16:06:00
B,39.771562024439824,46.56520884456193,866.1015453778347,14,3,1370.7292518663846,2023-02-20 21:26:00
D,29.64279758988837,44.34956304398581,289.43952161948795,0,10,0.0,2023-09-01 07:03:00
C,28.318681898102824,34.45171694537747,467.68121248487705,20,3,0.0,2023-10-13 03:20:00
B,14.016910515422612,23.052920539038524,619.3899693665019,21,8,0.0,2023-01-24 20:31:00
B,40.10488926723022,52.483739115576284,411.1904758694911,21,8,0.0,2023-10-06 22:11:00
A,35.298500612296934,47.34404489257139,427.48645409026796,2,2,0.0,2023-09-08 10:41:00
A,12.368392666500055,21.595679035439378,330.2846675020844,15,8,473.45359496017045,2023-01-09 12:53:00
B,34.7742284030419,43.239470082569085,564.231816684536,22,11,0.0,2023-07-31 17:26:00
A,29.02383760699261,37.999961392521314,850.574528015116,10,1,1396.630134154566,2023-03-09 06:48:00
D,12.860387101137238,20.50314973272363,201.52837800631283,11,6,396.325837781867,2023-07-05 14:41:00
B,26.040522453502977,33.09385184057098,934.4330387534415,9,8,1278.7041682074928,2023-01-30 03:58:00
A,26.964370049551643,36.794767025140544,689.0876537482296,15,3,928.5402967045912,2023-11-19 12:26:00
D,15.80210890571465,23.487446466390722,823.2732126800302,7,8,428.73591810352036,2023-10-06 09:35:00
A,43.09943514500988,50.974051793982376,556.1906926300117,5,12,0.0,2023-12-12 17:39:00
A,39.74913800182317,51.31669863656874,779.5167014240635,11,1,1347.38824319052,2023-05-25 09:52:00
A,33.415781806518794,48.101155123517714,16.20039733946721,23,11,0.0,2023-10-21 17:53:00
B,26.180344635021253,37.216716640615005,818.3804247795352,20,11,0.0,2023-04-16 18:41:00
C,24.4117939554578,30.181588626107462,40.13885908536652,7,9,20.34676255296473,2023-04-14 22:58:00
A,32.7840713502834,38.53990748882407,889.9133763628626,3,11,0.0,2023-09-26 06:46:00
D,29.090115429241692,43.60434763769735,991.9627472386433,7,9,475.2660313436854,2023-05-11 07:48:00
B,12.179558705865997,20.152466608939335,294.06746217677784,17,5,155.17209571719903,2023-08-20 13:59:00
B,27.93759270696161,33.85826256778636,210.31855628579365,4,10,0.0,2023-05-21 04:01:00
D,38.22412660314938,49.214572474653195,765.3633638580407,8,4,691.231577283701,2023-03-20 04:17:00
A,26.073395715893533,37.3098834987962,253.02634092025323,3,11,0.0,2023-02-27 11:08:00
C,11.818480214399395,23.30352841558628,865.5623831722035,21,6,0.0,2023-06-27 13:05:00
A,37.51973697844116,45.19375725701657,102.8425921574767,16,12,94.53547879063491,2023-10-23 12:35:00
D,17.047732374759104,22.198839216903856,125.95519637935826,8,7,127.36647940545839,2023-09-26 11:08:00
B,19.051729221081356,33.70188291562607,979.1515551006156,0,5,0.0,2023-04-07 00:50:00
C,15.764722370130356,23.27365282704138,673.8388982700046,20,11,0.0,2023-06-01 13:49:00
B,21.557527270502415,33.31779015102789,846.8872244289528,19,10,0.0,2023-02-18 13:24:00
D,36.486302699102225,48.55260139788932,324.329377351518,12,9,587.5483503319485,2023-11-20 08:06:00
A,28.178505082637805,39.27857925343266,676.4837495206044,15,3,902.051654950219,2023-12-02 13:18:00
C,17.17084459527494,25.299918537411422,594.2418273085972,12,7,1187.0578614994738,2023-09-14 23:00:00
B,40.72405273532143,48.43501527296209,603.150120122947,13,10,1055.9709599394982,2023-12-02 06:38:00
B,40.78536492330352,51.76204775033055,682.5324595377216,2,10,0.0,2023-04-20 01:30:00
B,40.470244876610245,54.13120121272716,575.3591731290986,5,11,0.0,2023-01-20 20:48:00
A,18.357867398353875,32.82520468758783,429.06236930266596,17,5,215.14714408523483,2023-06-17 03:34:00
C,25.793377046334584,31.85243509037216,275.92269438054683,18,7,6.572917564035981e-14,2023-06-29 22:57:00
A,44.47463796493063,51.02292409090783,768.581330913202,4,2,0.0,2023-01-02 05:48:00
A,37.02043667084966,51.46779925868046,226.2724300031862,14,4,350.4227983937155,2023-10-28 10:53:00
A,10.950859742894593,23.316212026242518,692.3543061544142,1,2,0.0,2023-06-09 23:56:00
D,12.282160694117222,26.112098942414953,233.33282264932663,9,12,328.51454983691775,2023-06-18 05:56:00
D,26.237598188431647,33.26392452978508,625.3301699544539,23,7,0.0,2023-08-17 19:02:00
D,41.82270720515461,52.698565916248626,747.078267129029,17,2,343.870234412567,2023-06-22 20:24:00
C,28.854562928344997,40.865958872519734,218.7138889065392,12,11,409.66693328315836,2023-05-30 17:32:00
A,27.423437781200157,39.224556635669884,59.94330086130828,4,1,0.0,2023-05-30 20:46:00
A,13.69157949848207,22.77309640714905,130.97374299417407,22,9,0.0,2023-06-28 04:27:00
D,32.98730366535029,38.14125258226338,605.9969672710255,23,1,0.0,2023-11-16 13:00:00
A,38.77361062100789,49.60287118905052,849.4464062257355,0,8,0.0,2023-04-17 01:17:00
A,23.31470026276468,30.84571565456077,44.99682123542436,21,2,0.0,2023-09-26 15:28:00
B,37.146414782386465,46.64895724381537,734.1512590416462,0,12,0.0,2023-04-15 16:32:00
A,43.75668288652841,58.33249303736658,341.31864595005214,17,8,153.12285495455453,2023-11-13 06:25:00
B,17.131826069469117,26.122179245893463,478.5283699195225,14,3,825.1150418046826,2023-07-28 05:24:00
A,28.316537091815945,41.71455315846021,928.8595498455657,16,6,866.757660555017,2023-03-10 10:14:00
C,20.049828532960145,26.93523459045266,331.9715047358455,10,3,570.5405390079043,2023-10-24 18:38:00
D,37.74990466618438,49.47450964643467,465.3369339394861,20,7,0.0,2023-09-27 05:09:00
B,30.215767805840514,44.98583735022995,13.682414760681105,21,10,0.0,2023-09-16 21:07:00
D,32.21038461426063,38.22931562299,81.59872000483837,16,9,77.28073911933437,2023-01-11 10:53:00
B,37.926995586556295,43.01019500882821,258.59159113478404,12,2,479.924902397723,2023-02-28 11:16:00
B,23.85896654318592,33.19479446951206,27.852240821074403,0,12,0.0,2023-09-03 01:11:00
B,42.02815239424651,47.95440722476018,631.3753260482509,1,12,0.0,2023-08-25 03:06:00
C,28.6560103536149,41.139853850377214,426.3983568016225,8,5,398.8703281583457,2023-12-03 09:28:00
A,15.52841879923718,29.67390543772277,548.145202728022,2,6,0.0,2023-07-28 21:17:00
B,34.356469135908085,43.696678862995675,174.64718589632955,0,4,0.0,2023-07-17 16:26:00
C,37.764147265338906,45.35126368689332,295.9320294366161,20,4,0.0,2023-04-26 09:43:00
B,21.086658697363433,30.430691887429532,663.8244748527251,15,4,918.3964676480186,2023-08-06 00:31:00
A,40.00127399495636,52.23575217345637,965.3027236303998,22,2,0.0,2023-12-04 01:28:00
B,41.71501391680182,46.80555553260553,50.4167736022092,5,4,0.0,2023-08-26 00:43:00
C,19.691657058223313,30.586196953070285,890.3843208552661,16,11,870.4888721343731,2023-10-23 21:43:00
A,44.42325154503277,55.55616839390656,576.8812013112084,4,1,0.0,2023-08-16 12:14:00
C,14.924903481706545,26.301785950665902,563.9195667556237,4,12,0.0,2023-04-11 21:50:00
A,17.070548394087147,24.49076919389592,500.27853520776034,5,6,0.0,2023-09-21 21:49:00
A,16.447869373330914,28.58839660711218,69.39408590418338,2,1,0.0,2023-06-18 10:30:00
D,41.289639850275464,47.20355471359323,89.87685173616067,20,10,0.0,2023-04-24 21:24:00
D,32.90023933137366,39.89294269604167,600.912005659086,22,6,0.0,2023-12-12 23:28:00
D,15.323649912779551,29.098350379324373,340.9585714355583,4,1,0.0,2023-12-22 07:52:00
A,25.411319642892213,37.79855115015788,917.2680665776807,20,6,0.0,2023-06-28 11:21:00
B,31.53543087744307,36.67288641755652,406.59053735947225,4,10,0.0,2023-08-10 00:53:00
C,12.921242974628415,20.405005578326417,143.2814587026411,9,8,206.35492771213805,2023-02-03 17:35:00
C,40.884572894256856,48.0286377241885,714.718833502036,9,11,917.6588973559242,2023-11-04 00:56:00
C,38.12612374045373,45.83418702082346,293.35342144100986,18,2,6.586304822147963e-14,2023-12-16 15:07:00
D,27.68223707518234,35.1578347779812,525.4703073558932,16,2,504.11974510446845,2023-12-19 15:33:00
A,43.849431534070966,49.47469449149942,697.83278550517,20,12,0.0,2023-05-22 18:05:00
D,24.62163427462849,34.21103944059669,900.2641112020704,13,4,1675.0982098663987,2023-07-24 09:05:00
B,44.44386116627742,56.77119591413907,792.1911948016761,8,11,691.5157481956762,2023-02-02 14:00:00
A,33.377199958126944,44.44451720530131,676.3610678727241,13,3,1205.0021472350695,2023-04-04 07:28:00
C,32.21349456388795,43.94221124986875,679.6331823951435,0,4,0.0,2023-09-24 01:48:00
D,15.808421335352476,21.619913120714866,945.9246440320866,18,12,2.348171754048406e-13,2023-09-25 23:24:00
D,40.86747154066254,55.38237864243041,295.82409749653607,12,7,519.745477059512,2023-05-23 20:48:00
B,24.96213907722153,38.347057415651776,1.1120941961874076,12,11,2.1054429116698037,2023-07-19 16:45:00
B,15.678169202386778,28.729072387343408,271.9545593981987,3,1,0.0,2023-09-25 02:32:00
D,10.441263199151566,23.67110124956924,217.891379626744,0,6,0.0,2023-03-10 03:38:00
B,29.59144892734339,43.918554008671,661.8345851139982,16,3,611.750771740856,2023-05-24 05:12:00
C,28.45898677429367,38.90152643543065,633.7115997655291,7,11,309.7926099763008,2023-11-15 15:27:00
B,35.17737678292055,42.180196961596806,593.4613827047239,1,10,0.0,2023-09-21 20:44:00
B,41.15903185562308,52.32686793414849,16.2434432094537,7,7,7.489143113356214,2023-03-21 18:15:00
D,12.779230462506034,25.208045399185423,728.7780544506475,6,10,0.0,2023-02-26 01:40:00
D,35.602377161912685,47.98155109545294,323.5304124854915,1,2,0.0,2023-03-03 23:26:00
A,16.559418043415377,26.77390828508418,665.0559890066311,21,2,0.0,2023-10-02 08:03:00
A,40.03619686050074,45.72078405383652,556.5784285021533,21,4,0.0,2023-03-20 19:21:00
D,38.66722298515796,47.37835236945924,342.73092542790715,2,1,0.0,2023-03-10 08:58:00
B,28.927781424494054,43.13544750912763,134.57626710410776,17,3,64.60841008437426,2023-10-11 12:39:00
B,34.858497951815906,45.70298704939017,94.41889766048095,11,9,167.2981305611559,2023-07-29 18:50:00
A,21.002253961431194,31.385573393988327,831.5183331122236,0,7,0.0,2023-03-30 18:57:00
A,26.49087646264851,34.179411606470445,918.397542081558,21,7,0.0,2023-12-29 18:45:00
A,38.757291419866505,47.44178061903229,649.7880467642996,11,11,1142.6099716746144,2023-02-21 19:01:00
C,26.074281901062488,40.02774279259418,103.43411486048338,4,4,0.0,2023-01-03 07:37:00
C,22.522939286390464,34.18756976165882,402.02721688824073,16,2,387.25260448325565,2023-09-15 03:22:00
A,27.297435653760495,40.171305921283825,728.9392001051572,15,4,968.3167803099813,2023-07-10 05:11:00
B,38.98872383530264,48.532178065979195,779.8208840100681,14,6,1223.5507387798143,2023-05-21 13:34:00
A,21.732281657980547,33.034753852542124,118.2186222910886,22,11,0.0,2023-03-06 10:18:00
C,16.081655759751033,23.565491847183107,0.03071884538241587,14,11,0.05351190216359529,2023-09-10 13:35:00
B,34.92049071157733,46.975099014412194,712.137045880605,4,3,0.0,2023-10-31 04:45:00
C,38.90923744478286,48.18525078181624,356.59617598620565,20,1,0.0,2023-12-05 04:07:00
B,13.522311748323666,22.947766896471123,254.48133161826024,13,12,495.65585787656903,2023-11-19 17:53:00
C,18.395593946458064,29.88881719222688,12.89746978952544,1,8,0.0,2023-02-06 22:59:00
B,14.969019641634787,29.331825856324052,540.2994067614997,10,12,919.6106823423924,2023-11-12 03:16:00
B,22.17794940537583,27.818012871462038,851.1507354259818,18,5,2.061218998298212e-13,2023-08-25 04:32:00
B,25.76228426168944,39.00971663515952,957.6316462725879,6,5,0.0,2023-07-01 11:58:00
B,36.208921793715724,44.132752897837655,565.7449506132892,5,11,0.0,2023-01-25 09:00:00
D,32.7901654708586,42.229360015922374,514.4613277398942,1,4,0.0,2023-01-24 12:40:00
C,31.73249986174509,36.95163314949518,85.05638548924111,5,6,0.0,2023-05-09 08:16:00
C,22.333123131337903,30.343583909681033,548.8728015425997,17,3,278.04464661798687,2023-11-18 17:48:00
D,39.450664357966595,49.4769767842679,379.97907896539465,1,9,0.0,2023-09-12 18:58:00
B,26.49505085893576,32.056811632410145,607.1352808835769,17,5,305.40519135921124,2023-11-05 12:12:00
B,44.268672830530406,54.179630124362056,388.7263478765467,14,3,594.7079303452232,2023-05-19 01:13:00
C,32.19497484035079,46.46608112893506,240.29912345036675,18,11,5.3802653131918423e-14,2023-07-17 11:02:00
D,14.419265954757595,20.473198135835645,94.9652752283765,1,1,0.0,2023-09-18 06:42:00
B,33.66621467264019,46.31062195339523,314.91844458889574,19,10,0.0,2023-04-08 11:06:00
B,21.378640540109465,30.47535107386939,96.64483428775227,5,12,0.0,2023-07-22 12:55:00
B,34.02145188401341,45.57318902925679,176.89695082398393,0,6,0.0,2023-06-29 00:47:00
A,12.437440185684201,20.039806165536493,987.3361585795459,23,2,0.0,2023-03-10 20:34:00
D,16.12085030115858,22.715772926572164,444.1035569066186,14,3,776.238124922032,2023-03-21 02:45:00
B,39.95080406170252,46.55543020441478,531.8717665050166,22,1,0.0,2023-05-22 14:25:00
A,17.95128449582302,23.65620395225447,873.6185287372153,9,9,1242.1241212932414,2023-09-29 06:16:00
D,39.2964393835029,46.15290643251533,995.5689004906878,18,8,2.2321201167517516e-13,2023-06-21 19:15:00
B,19.774663095904366,31.41685694579405,582.7144493446815,16,12,567.7576682979136,2023-12-13 03:42:00
C,32.50086685205477,46.31777297048985,812.4738210441717,4,2,0.0,2023-03-10 22:12:00
A,34.29527007284408,47.4365269287557,326.94102433667524,3,12,0.0,2023-11-30 02:25:00
A,27.942916360076854,39.7942594588217,305.7439574472911,9,11,406.7998545097178,2023-07-12 13:59:00
B,20.685873684385594,26.790192318496622,402.7037209945602,23,8,0.0,2023-02-26 04:31:00
B,17.442553172988365,25.33442763594786,672.5072626736492,16,12,671.6076426175941,2023-01-23 01:49:00
A,11.161627409684918,19.259696162909606,682.1916892550987,9,9,986.9169100173577,2023-04-22 23:43:00
C,20.638124043425332,28.137693507401544,315.2394346494508,16,1,311.2829357399447,2023-05-13 05:47:00
C,32.8606976685949,43.010754265692135,133.2099241366287,19,5,0.0,2023-05-01 13:55:00
D,42.840668645696894,53.19620679449362,632.3962564655086,23,8,0.0,2023-03-25 13:56:00
B,40.492156879206824,49.061016630917926,128.32586218876452,4,11,0.0,2023-10-22 21:54:00
C,36.81226717873559,45.35015876609995,578.49250822933,1,2,0.0,2023-03-03 00:02:00
D,37.595657013865456,50.881212992926265,693.422128056309,5,4,0.0,2023-03-15 15:14:00
C,33.274471621659835,46.16740010485669,700.6114963944516,20,7,0.0,2023-02-23 16:41:00
B,19.110040014810107,27.187998331617564,753.4721106595968,1,3,0.0,2023-08-08 08:47:00
D,41.75182607470404,55.88971051343663,872.8594215656645,12,12,1530.0198443226159,2023-01-21 15:26:00
D,33.47563091670419,48.00378108672925,499.9589919647884,10,5,786.2734762174181,2023-09-17 20:20:00
D,29.615422084315398,37.88284750461581,730.2491895295711,10,8,1199.6503174847771,2023-08-24 18:08:00
C,13.884631422471838,22.428880910402384,619.1727353658367,15,12,884.648004187981,2023-12-24 10:42:00
B,25.64694403322489,35.70328556744448,186.63993979768256,10,10,309.42966000978123,2023-01-24 09:06:00
D,26.11253949206742,40.523747617404155,25.68964486940817,18,3,5.9014373851204665e-15,2023-07-10 13:07:00
A,40.25972633329345,54.022920664716565,284.54138567693377,14,4,435.6254960799322,2023-08-21 05:40:00
B,29.132687706572597,35.158367332408496,443.0337063376194,22,9,0.0,2023-11-01 15:44:00
A,23.314019213964336,32.2413266466785,617.1059444286562,22,7,0.0,2023-12-04 06:53:00
A,44.18801149787308,54.721723395370795,849.9593305032054,15,1,1059.119111787313,2023-07-28 15:52:00
D,13.875220766421048,23.90654549193645,196.24571670616564,10,12,341.3942458835341,2023-10-30 06:57:00
D,24.789194990918062,31.72782567028699,125.54978989847709,21,4,0.0,2023-12-01 11:32:00
C,11.470863630999185,25.059031342680733,963.4799474743276,15,4,1362.2446722943005,2023-09-30 17:44:00
C,35.89664422684256,47.66605205681093,108.04455937640711,7,9,50.85731340507778,2023-01-04 12:58:00
C,42.13267932697027,55.511763075488304,478.49107010718916,3,6,0.0,2023-04-15 00:35:00
B,19.80130653426713,33.38894932776185,585.5637287933018,7,9,292.9389895140116,2023-10-26 09:49:00
C,40.04195868796923,52.525517224626626,541.3744209074382,3,12,0.0,2023-06-11 05:49:00
A,20.22763806616642,29.619744078663594,86.0321570329432,23,6,0.0,2023-08-05 18:28:00
C,41.87695565753703,52.982423207691276,57.02691400361937,2,6,0.0,2023-01-29 10:06:00
D,36.38866662588744,42.99232068708487,105.48342746103567,2,5,0.0,2023-06-25 13:33:00
C,38.171737189450354,49.90819136419943,585.5876838726125,17,5,272.92155834394146,2023-05-05 23:53:00
B,10.630229446015907,17.422762003408714,544.3448876343211,18,2,1.3736701754675306e-13,2023-12-27 03:14:00
B,43.69836249759091,55.63785840269247,233.74079203674424,18,8,5.0233915122723476e-14,2023-08-18 00:12:00
A,35.433484722461316,42.729466330001,637.7741418455915,20,8,0.0,2023-09-29 13:44:00
B,20.666288338514665,26.841801340016865,820.0675020556494,4,11,0.0,2023-02-26 12:04:00
C,39.02881327005964,45.68165817148922,41.57895984659377,17,1,19.742340182799257,2023-11-26 07:04:00
D,19.853241944522548,24.87316329671325,498.12994354804243,9,8,704.8195286023599,2023-04-28 07:32:00
B,40.54638438481448,52.73378056334978,689.3104121026903,21,5,0.0,2023-12-12 01:19:00
A,13.940313664417795,26.26432415500159,252.31192706968707,20,2,0.0,2023-08-01 04:41:00
C,34.62900921112785,44.778342710260446,307.7709052931491,5,2,0.0,2023-08-07 13:03:00
A,28.924446682571862,35.5380746931257,613.6379029893839,0,6,0.0,2023-10-25 01:36:00
B,13.378706456840428,19.214249831947328,897.9352934437369,4,11,0.0,2023-10-28 09:02:00
B,18.466283989059363,23.657573653432234,809.9244203028993,8,9,814.2734758250723,2023-05-28 15:07:00
A,10.434141269706018,17.091623039358225,583.1302190995835,11,1,1162.1568907736635,2023-11-28 04:03:00
C,26.406878791257704,40.31543414108917,730.2217177572492,13,12,1324.2593236886885,2023-04-02 18:05:00
B,20.54428412660001,27.95965254361683,364.8224702077987,1,6,0.0,2023-01-22 23:35:00
D,30.942511950421558,39.48522522259371,640.9655280987578,16,9,603.8274079610408,2023-08-13 03:17:00
B,20.4033232698016,26.45677811461493,466.181591127557,13,8,895.3458165847301,2023-10-07 14:18:00
C,20.497168902744463,27.720781950226165,189.9361364575609,12,11,375.7380744209664,2023-12-11 18:16:00
B,36.01176195560612,46.20400766340817,701.7382738772571,8,6,642.2196189292564,2023-09-17 02:52:00
A,11.684999259242371,22.762526090198897,556.4646373488221,14,3,972.4511578873102,2023-01-03 07:02:00
B,41.60132483171955,49.05484797338166,358.6215819535914,21,8,0.0,2023-05-15 13:00:00
B,39.82923560369135,45.406557195942526,911.3391900786307,14,9,1449.6399387228269,2023-10-01 16:58:00
C,33.37316391292423,42.283492604198216,20.934117826733267,23,1,0.0,2023-01-28 04:59:00
A,30.76275495375845,38.10478866302179,315.773151249496,10,12,518.265263856481,2023-12-25 00:43:00
C,41.23058743488783,48.42612666718585,56.881397777646555,15,9,72.90462463640756,2023-03-03 13:03:00
B,16.486556283505006,31.08518431063956,766.5273162216272,16,6,747.8694762282331,2023-04-17 18:02:00
D,12.763920676679001,23.926925535936242,702.1074541137926,3,6,0.0,2023-10-04 23:35:00
B,18.382855946833836,28.951640378554792,331.352218736317,0,12,0.0,2023-02-24 05:34:00
C,37.81023975450666,46.96799078973988,675.662902207073,7,4,319.01573587909365,2023-11-20 12:29:00
D,11.213459335426917,20.502902669728357,395.93722619594985,16,1,403.0594991674737,2023-11-10 06:54:00
C,30.398239227922137,40.807289266302945,756.2537914224343,2,10,0.0,2023-11-04 02:57:00
C,44.84031306669585,56.804611137056924,454.1836627367061,19,8,0.0,2023-09-17 08:00:00
A,39.94936328431388,51.970824246132175,412.2797278316656,14,2,637.0511128877642,2023-02-02 23:55:00
D,28.25059911652563,34.967538193580125,934.729915488301,14,12,1554.449939401156,2023-06-29 07:15:00
B,12.227431825032482,22.22855934579875,250.87909989070022,23,1,0.0,2023-08-28 16:13:00
C,39.09807300349984,48.21765395384086,120.44733999656543,21,2,0.0,2023-11-21 16:24:00
B,30.964247786202368,44.66951744889621,584.5431132594582,13,1,1040.4033234543776,2023-04-16 01:38:00
A,14.02265489708484,25.336844109268604,969.3218122841789,22,1,0.0,2023-11-02 13:46:00
A,13.285004968817468,23.610045632977286,377.83921372718663,13,9,733.9875831728281,2023-09-26 10:36:00
D,41.83693868028073,47.9908851020699,62.03676362878152,23,1,0.0,2023-02-07 15:51:00
A,33.42200920283275,44.478388096066865,339.30526730956745,1,4,0.0,2023-04-21 22:35:00
A,39.025037976086445,45.19707703288878,505.93165431955845,12,10,930.1165838737651,2023-08-15 06:08:00
B,40.764261509879354,49.13632726553688,161.9230066322137,13,6,282.6107712720436,2023-02-24 12:19:00
A,30.01203232169128,36.4404519698346,658.102218056492,23,7,0.0,2023-10-14 20:57:00
A,28.110622311426443,40.031358781670136,997.7493890102006,18,2,2.296847783729532e-13,2023-12-14 04:21:00
C,25.064959361234656,32.12748049959618,451.73947598144383,6,6,0.0,2023-01-27 21:36:00
A,21.093130572689176,30.011724304569437,354.72855673021263,2,7,0.0,2023-07-11 14:34:00
C,25.21085863005491,39.1676064062427,400.70416683446666,14,10,654.7084349346835,2023-06-17 10:55:00
A,37.08578795055547,44.12895178454517,115.14617839520113,22,10,0.0,2023-12-21 14:11:00
A,31.067320085529605,41.145370725117395,883.2736014262238,13,2,1596.1547229107541,2023-08-15 11:18:00
D,41.238315148419616,50.43103176007983,414.82565552135196,10,2,645.4104167346076,2023-09-01 03:49:00
D,25.518300503271572,30.699540913728868,387.27441142484133,14,10,655.4864286198499,2023-09-08 03:39:00
C,31.24813525515639,44.17571639088452,659.6902729304743,12,7,1218.1802772246288,2023-04-14 15:57:00
A,32.095764358219604,37.786223421365605,442.03342093112354,17,12,217.11070208338168,2023-01-18 14:44:00
B,30.709400680721394,40.451950890490934,648.2334688078461,5,1,0.0,2023-02-06 00:55:00
D,34.59218205799307,45.19896500738257,61.4462901307875,2,8,0.0,2023-06-02 02:40:00
B,18.31017139311822,29.59443595926409,813.7233437222275,18,11,1.9564196624202444e-13,2023-05-09 20:32:00
D,27.93273221410267,39.81904850718143,940.5039528794026,14,3,1532.4396736241056,2023-09-24 23:22:00
D,13.647868098292168,21.180591933519317,648.7653861593859,22,11,0.0,2023-08-13 16:34:00
A,23.45789646756844,28.557684234152934,954.5659288588107,4,6,0.0,2023-11-20 04:54:00
D,27.068347401744255,39.30278402529338,151.4323143699633,9,9,201.9054312884077,2023-01-16 03:37:00
B,32.82784908409154,43.18441507756732,477.4161894803537,6,6,0.0,2023-02-04 08:39:00
D,43.26858684051712,56.62976387258961,601.8067339454473,16,9,525.6667143789317,2023-03-27 22:54:00
C,31.022787329192454,44.2366709581994,581.7366474211867,6,7,0.0,2023-09-07 08:06:00
A,36.02578706617959,49.45904874405842,401.46177908904326,21,9,0.0,2023-07-02 11:38:00
A,27.719312082332095,37.570258682127495,338.0844093662614,11,2,620.2889267877556,2023-12-01 19:50:00
C,32.1936410981716,40.52992505654025,126.8240225504188,16,12,118.9457522881109,2023-09-25 23:17:00
C,12.48262756468207,25.39820959059577,391.7424505622782,12,8,782.2369363176973,2023-05-05 08:57:00
C,18.903705329464646,28.416646459757196,162.66081510548514,19,8,0.0,2023-01-30 02:16:00
D,22.664858262179855,29.4992802262142,734.3656764922184,3,2,0.0,2023-06-28 02:01:00
A,26.537267425227974,40.08700762084272,208.83093549458997,9,12,277.50886436729417,2023-06-15 17:19:00
C,11.597706092583431,25.423304860306907,58.56530528453385,2,4,0.0,2023-08-13 14:26:00
D,14.900843414366118,24.56394097576782,552.3661378172343,8,11,553.3295947735361,2023-01-21 15:39:00
C,19.6885007726957,25.445498045793578,595.2297327194016,12,7,1188.3380759770055,2023-07-16 09:38:00
B,44.00364418153677,52.88190508070608,871.9130612805055,17,11,400.9990474132278,2023-09-16 11:11:00
B,21.597145248606775,34.63252184323281,576.9816124176818,14,4,960.855983071259,2023-12-15 15:51:00
A,26.871437033922888,40.889177319385176,345.4808537234457,3,4,0.0,2023-01-07 14:53:00
D,16.863419945843752,23.89814737081971,803.0118815263205,14,6,1396.987457319617,2023-03-24 06:51:00
B,31.37730248765189,37.047038607904604,540.2788931874211,21,10,0.0,2023-06-23 17:46:00
B,19.8239125430591,33.59741707438749,79.28028463119175,1,6,0.0,2023-11-04 14:23:00
D,17.244740245344936,26.13878963513369,565.8505603132467,14,10,975.6174914257591,2023-05-28 06:29:00
C,28.080041995609268,38.4976516382849,908.0185454216623,7,3,444.64805164852277,2023-10-01 01:57:00
D,10.192702970614729,24.87336109112232,396.31262549822054,7,9,205.25042870808798,2023-11-27 16:21:00
C,10.268241142722886,15.933888421865113,296.32580189980007,16,12,307.0718930338155,2023-03-13 00:18:00
B,17.667408318565023,29.15058839308598,143.46945701802005,11,10,272.56017096788327,2023-12-04 14:16:00
B,11.28524768752874,17.02630191327741,151.4455219353573,18,11,3.82765427729219e-14,2023-06-19 01:16:00
B,13.780901394574197,22.5355906792392,432.7714843418189,9,2,618.0644851510855,2023-05-17 12:06:00
A,21.860122726856307,34.89826817879077,595.6798241615295,8,6,572.0950295685465,2023-05-10 18:11:00
A,38.09049878529345,47.42522111284979,80.61540516960176,4,12,0.0,2023-06-14 11:38:00
A,30.02170251792553,44.993526056955034,939.5685890251657,5,7,0.0,2023-10-13 10:48:00
D,27.943370408474575,38.5339632579406,755.1336174451959,19,12,0.0,2023-05-05 19:10:00
B,20.27210881228426,28.483730338643795,586.6239182836626,1,9,0.0,2023-03-24 22:08:00
B,42.61138018014857,49.8124934391961,828.4386709389909,23,3,0.0,2023-11-13 15:03:00
D,23.89552644330171,32.40073178616333,80.18675681211329,12,10,155.62598818447654,2023-09-27 14:33:00
A,13.048246837852002,21.77357957544751,476.8388777331244,5,3,0.0,2023-06-12 12:19:00
D,31.597328064123044,37.284464841362656,630.0931268616634,4,7,0.0,2023-11-14 01:22:00
A,13.984343771681049,22.680085765948782,828.6529061182893,0,4,0.0,2023-03-31 11:00:00
B,22.082809998059222,31.72519519545147,783.4695600492677,20,8,0.0,2023-02-07 02:45:00
C,27.75941785512331,39.986795377511356,277.06924971339964,21,7,0.0,2023-01-26 04:33:00
A,40.59778836398115,52.16508321119723,940.8801695592043,20,5,0.0,2023-11-11 04:09:00
B,27.274130311904152,39.36178686419569,124.34584143087035,5,7,0.0,2023-12-16 04:52:00
B,34.57905681110825,39.66269362987683,875.1336186211521,5,3,0.0,2023-03-25 08:02:00
C,44.748589364967465,51.925263360772824,970.9402496046185,22,12,0.0,2023-07-04 09:46:00
B,14.602119196429356,26.21896208042792,177.15352322262555,15,2,249.3113546696801,2023-02-05 13:10:00
B,19.615603393183182,29.455497074980656,722.0660642037852,3,6,0.0,2023-05-13 20:28:00
A,23.810162645917625,28.863297402601084,40.28551877799846,10,2,68.69829483831344,2023-06-30 15:59:00
A,24.763986248859098,37.808932673177324,405.42282513915495,23,3,0.0,2023-05-09 03:01:00
C,24.385737634294102,37.11383336719747,516.2832991976741,22,6,0.0,2023-12-16 04:53:00
C,41.76638508947942,52.25057671941505,580.6452259096341,8,5,517.3535568079838,2023-04-20 06:58:00
B,34.99114255633997,40.6557758141027,935.9372482485595,22,8,0.0,2023-07-21 11:18:00
A,31.276682493174633,43.94183298850048,672.2506872941947,2,9,0.0,2023-11-14 12:54:00
C,20.828045125197374,31.665181002511012,481.277951219237,18,11,1.1473635832739301e-13,2023-02-26 07:09:00
C,38.83266344774531,51.6522632193249,809.6750362658893,7,3,374.43679826338655,2023-07-30 20:06:00
D,43.42711790197461,55.94458782593301,950.532820954409,4,12,0.0,2023-11-12 09:34:00
C,38.74193988925793,51.771960608836295,22.066148682290844,3,10,0.0,2023-06-04 19:20:00
B,10.054778681701551,20.2348593457478,982.5212722560387,23,3,0.0,2023-06-03 10:01:00
A,32.274047956419246,38.67729313835439,86.13213906368034,5,3,0.0,2023-09-30 23:20:00
C,11.789738350473526,23.501313084270414,814.3867792687613,1,6,0.0,2023-05-30 10:40:00
D,19.016252711680266,30.220990562199972,280.33475255141246,19,1,0.0,2023-03-10 17:05:00
A,12.08336451217201,24.50589638416288,132.17965775387174,10,7,229.39436700551335,2023-04-17 19:32:00
C,31.132840853228572,37.83165091373593,439.8556397138349,3,12,0.0,2023-03-09 06:15:00
D,34.030646972241236,40.98039897124413,643.9565794476135,14,1,1044.0695698553645,2023-06-03 07:31:00
C,14.00706733230668,27.911162504499963,380.951845023475,5,5,0.0,2023-01-19 00:27:00
A,23.43436090657428,35.93413889109499,54.565408282698954,21,10,0.0,2023-08-08 20:29:00
A,25.968277813443972,40.0505627004472,599.4611396587167,16,8,563.3722297830564,2023-06-30 23:34:00
A,22.916855761632082,35.50400897327129,902.4032761106747,23,4,0.0,2023-10-07 22:11:00
B,14.235875016981757,25.207428076884774,383.2153659472517,5,5,0.0,2023-03-15 23:54:00
C,24.66317265656164,36.20450002684038,216.33277763082702,18,4,5.0611511033744596e-14,2023-12-31 04:11:00
B,36.29123167329463,50.18251091269473,442.5773459328154,1,12,0.0,2023-10-12 17:49:00
A,12.485268258663941,23.273335803783347,48.362711048780874,14,12,84.34522038680552,2023-04-12 20:30:00
D,12.80630049286662,24.130213736150495,820.4875844802748,10,4,1426.0704874330195,2023-12-05 23:24:00
C,22.416995214259448,28.981762374295453,826.3408109501868,7,12,420.93275581870876,2023-08-09 09:15:00
B,42.960399906662374,52.6996121078234,588.0004634296284,18,8,1.280615422007009e-13,2023-03-17 08:53:00
C,33.40004263530199,45.56401375488298,353.10288893838947,12,2,648.1160765566353,2023-10-22 19:44:00
D,33.75344848353977,41.46287546670342,799.7833644457834,11,1,1443.3181075082693,2023-06-12 21:34:00
B,22.667199679325275,29.689741484570625,554.6870247883671,4,3,0.0,2023-04-21 23:20:00
A,30.778127692298845,38.916395774543005,825.9323085500162,5,9,0.0,2023-10-22 12:23:00
B,10.354591440971019,17.769597720899355,631.4587925830206,21,4,0.0,2023-01-14 17:53:00
C,32.263361624333974,39.41248799469793,784.4054732127973,3,10,0.0,2023-04-20 17:24:00
C,41.96504316516829,51.21355159384916,598.56299321776,18,5,1.3123343158727143e-13,2023-10-31 07:23:00
C,31.44007139206867,45.51845653090401,414.1410682156662,19,2,0.0,2023-06-15 22:54:00
C,40.57945077132208,50.65004723870926,957.9458599261376,0,4,0.0,2023-08-06 21:53:00
A,35.33905694131328,42.21826074946651,541.1138248788448,19,2,0.0,2023-11-10 12:13:00
B,14.21954457412916,19.9892612679379,605.0895185405384,16,2,617.2173004882019,2023-08-05 22:01:00
A,41.58586575500446,53.547427206383716,220.48763941474925,11,4,377.31037140830426,2023-02-27 09:59:00
